"state_territory","counties_served","site","population_served","source","site_wval","site_wval_category","date_included_in_wval","week_end","pathogen_target","date_updated"
"California","Santa Clara","ID:174","110338","WastewaterSCAN","5.42","Low","2023-05-01","2026-10-03","Influenza A virus","2026-10-09 11:01"
"California","Santa Clara","ID:175","236000","WastewaterSCAN","1.76","Low","2023-04-30","2026-10-03","RSV","2026-10-09 11:01"
"California","Santa Clara","ID:175","236000","WastewaterSCAN","7.68","Moderate","2023-04-30","2026-10-03","Influenza A virus","2026-10-09 11:01"
"California","Santa Clara","ID:175","236000","WastewaterSCAN","8.17","High","2020-11-13","2026-10-03","SARS-CoV-2","2026-10-09 11:01"
"California","Santa Clara","ID:176","1500000","WastewaterSCAN","7.66","Moderate","2020-04-29","2026-10-03","SARS-CoV-2","2026-10-09 11:01"
"California","Santa Clara","ID:176","1500000","WastewaterSCAN","2.8","Low","2023-04-30","2026-10-03","RSV","2026-10-09 11:01"
"California","Santa Clara","ID:176","1500000","WastewaterSCAN","6.48","Moderate","2023-04-30","2026-10-03","Influenza A virus","2026-10-09 11:01"
"California","Santa Cruz","ID:179","160000","WastewaterSCAN","8.53","Moderate","2022-06-12","2026-10-03","Influenza A virus","2026-10-09 11:01"
"California","Santa Cruz","ID:179","160000","WastewaterSCAN","1.0","Very Low","2022-06-12","2026-10-03","RSV","2026-10-09 11:01"
"California","Santa Cruz","ID:179","160000","WastewaterSCAN","23.2","Very High","2022-05-15","2026-10-03","SARS-CoV-2","2026-10-09 11:01"
"California","Shasta","ID:182","60000","State_Territory","5.13","Low","2023-10-30","2026-10-03","Influenza A virus","2026-10-09 11:01"
"California","Shasta","ID:182","60000","State_Territory","6.93","Moderate","2023-10-02","2026-10-03","SARS-CoV-2","2026-10-09 11:01"
"California","Shasta","ID:182","60000","State_Territory","1.0","Very Low","2023-10-30","2026-10-03","RSV","2026-10-09 11:01"
"California","Solano","ID:183","121000","WastewaterSCAN","1.0","Very Low","2022-11-29","2026-10-03","RSV","2026-10-09 11:01"
"California","Solano","ID:183","121000","WastewaterSCAN","6.12","Moderate","2022-11-29","2026-10-03","Influenza A virus","2026-10-09 11:01"
"California","Solano","ID:183","121000","WastewaterSCAN","22.3","Very High","2022-11-01","2026-10-03","SARS-CoV-2","2026-10-09 11:01"
"California","Sonoma","ID:184","230000","WastewaterSCAN","1.0","Very Low","2022-10-20","2026-10-03","RSV","2026-10-09 11:01"
"California","Sonoma","ID:184","230000","WastewaterSCAN","4.12","Low","2022-10-20","2026-10-03","Influenza A virus","2026-10-09 11:01"
"California","Sonoma","ID:184","230000","WastewaterSCAN","4.51","Low","2022-06-19","2026-10-03","SARS-CoV-2","2026-10-09 11:01"
"California","Stanislaus","ID:188","86000","WastewaterSCAN","7.75","Moderate","2022-06-10","2026-10-03","SARS-CoV-2","2026-10-09 11:01"
"California","Stanislaus","ID:188","86000","WastewaterSCAN","1.0","Very Low","2023-02-10","2026-10-03","RSV","2026-10-09 11:01"
"California","Stanislaus","ID:188","86000","WastewaterSCAN","2.16","Very Low","2023-02-10","2026-10-03","Influenza A virus","2026-10-09 11:01"
"California","Sutter","ID:189","70000","State_Territory","1.0","Very Low","2023-02-08","2026-10-03","RSV","2026-10-09 11:01"
"California","Sutter","ID:189","70000","State_Territory","3.57","Low","2023-02-08","2026-10-03","Influenza A virus","2026-10-09 11:01"
"California","Sutter","ID:189","70000","State_Territory","6.56","Moderate","2023-01-11","2026-10-03","SARS-CoV-2","2026-10-09 11:01"
"California","Ventura","ID:190","250000","State_Territory","9.02","High","2021-05-05","2026-10-03","SARS-CoV-2","2026-10-09 11:01"
"California","Ventura","ID:190","250000","State_Territory","3.05","Low","2023-04-04","2026-10-03","Influenza A virus","2026-10-09 11:01"
"California","Ventura","ID:190","250000","State_Territory","1.39","Very Low","2023-04-04","2026-10-03","RSV","2026-10-09 11:01"
"California","Yolo","ID:193","68000","WastewaterSCAN","5.41","Low","2023-04-03","2026-10-03","Influenza A virus","2026-10-09 11:01"
"California","Yolo","ID:193","68000","WastewaterSCAN","17.26","Very High","2021-01-04","2026-10-03","SARS-CoV-2","2026-10-09 11:01"
"California","Yolo","ID:193","68000","WastewaterSCAN","1.0","Very Low","2023-04-03","2026-10-03","RSV","2026-10-09 11:01"
"California","Yolo","ID:194","59000","WastewaterSCAN","6.7","Moderate","2022-06-10","2026-10-03","SARS-CoV-2","2026-10-09 11:01"
"California","Yolo","ID:194","59000","WastewaterSCAN","1.0","Very Low","2023-02-10","2026-10-03","Influenza A virus","2026-10-09 11:01"
"California","Yolo","ID:194","59000","WastewaterSCAN","1.0","Very Low","2023-02-10","2026-10-03","RSV","2026-10-09 11:01"
"California","Shasta","ID:2380","29000","State_Territory","8.85","High","2023-10-10","2026-10-03","SARS-CoV-2","2026-10-09 11:01"
"California","Shasta","ID:2380","29000","State_Territory","1.0","Very Low","2023-11-07","2026-10-03","RSV","2026-10-09 11:01"
"California","Shasta","ID:2380","29000","State_Territory","4.27","Low","2023-11-07","2026-10-03","Influenza A virus","2026-10-09 11:01"
"California","Alameda","ID:2571","342000","WastewaterSCAN","1.0","Very Low","2025-06-11","2026-10-03","RSV","2026-10-09 11:01"
"California","Alameda","ID:2571","342000","WastewaterSCAN","9.42","High","2025-05-14","2026-10-03","SARS-CoV-2","2026-10-09 11:01"
"California","Alameda","ID:2571","342000","WastewaterSCAN","7.89","Moderate","2025-06-11","2026-10-03","Influenza A virus","2026-10-09 11:01"
"California","Alameda","ID:2572","150000","WastewaterSCAN","5.68","Moderate","2025-06-25","2026-10-03","Influenza A virus","2026-10-09 11:01"
"California","Alameda","ID:2572","150000","WastewaterSCAN","1.0","Very Low","2025-06-25","2026-10-03","RSV","2026-10-09 11:01"
"California","Alameda","ID:2572","150000","WastewaterSCAN","9.88","High","2025-05-28","2026-10-03","SARS-CoV-2","2026-10-09 11:01"
"California","Alameda","ID:2573","160000","WastewaterSCAN","1.0","Very Low","2025-08-18","2026-10-03","RSV","2026-10-09 11:01"
"California","Alameda","ID:2573","160000","WastewaterSCAN","3.99","Low","2025-08-18","2026-10-03","Influenza A virus","2026-10-09 11:01"
"California","Alameda","ID:2573","160000","WastewaterSCAN","9.36","High","2025-07-21","2026-10-03","SARS-CoV-2","2026-10-09 11:01"
"California","Alameda","ID:2601","95000","WastewaterSCAN","1.0","Very Low","2025-12-15","2026-10-03","RSV","2026-10-09 11:01"
"California","Alameda","ID:2601","95000","WastewaterSCAN","7.45","Moderate","2025-11-17","2026-10-03","SARS-CoV-2","2026-10-09 11:01"
"California","Alameda","ID:2601","95000","WastewaterSCAN","4.61","Low","2025-12-15","2026-10-03","Influenza A virus","2026-10-09 11:01"
"California","Alameda, Contra Costa","ID:94","740000","State_Territory","7.91","High","2021-05-19","2026-10-03","SARS-CoV-2","2026-10-09 11:01"
"California","Alameda, Contra Costa","ID:94","740000","State_Territory","9.79","Moderate","2022-05-10","2026-10-03","Influenza A virus","2026-10-09 11:01"
"California","Alameda, Contra Costa","ID:94","740000","State_Territory","1.47","Very Low","2022-05-10","2026-10-03","RSV","2026-10-09 11:01"
"California","Butte","ID:95","44000","State_Territory","16.01","Very High","2023-09-04","2026-10-03","SARS-CoV-2","2026-10-09 11:01"
"California","Butte","ID:95","44000","State_Territory","1.0","Very Low","2023-10-02","2026-10-03","RSV","2026-10-09 11:01"
"California","Butte","ID:95","44000","State_Territory","3.68","Low","2023-10-02","2026-10-03","Influenza A virus","2026-10-09 11:01"
"California","Butte","ID:96","101299","State_Territory","3.16","Low","2023-11-14","2026-10-03","Influenza A virus","2026-10-09 11:01"
"California","Butte","ID:96","101299","State_Territory","11.15","High","2023-10-17","2026-10-03","SARS-CoV-2","2026-10-09 11:01"
"California","Butte","ID:96","101299","State_Territory","1.0","Very Low","2023-11-14","2026-10-03","RSV","2026-10-09 11:01"
"California","Contra Costa","ID:97","487300","State_Territory","2.32","Low","2022-05-30","2026-10-03","RSV","2026-10-09 11:01"
"California","Contra Costa","ID:97","487300","State_Territory","5.34","Low","2022-05-30","2026-10-03","Influenza A virus","2026-10-09 11:01"
"California","Contra Costa","ID:97","487300","State_Territory","5.99","Moderate","2020-12-28","2026-10-03","SARS-CoV-2","2026-10-09 11:01"
"California","Contra Costa","ID:98","218281","State_Territory","4.64","Low","2022-06-20","2026-10-03","SARS-CoV-2","2026-10-09 11:01"
"California","Contra Costa","ID:98","218281","State_Territory","2.28","Very Low","2023-09-04","2026-10-03","Influenza A virus","2026-10-09 11:01"
"California","Contra Costa","ID:98","218281","State_Territory","1.0","Very Low","2023-09-04","2026-10-03","RSV","2026-10-09 11:01"
"California","Del Norte","ID:100","15372","State_Territory","1.0","Very Low","2023-12-13","2026-10-03","RSV","2026-10-09 11:01"
"California","Del Norte","ID:100","15372","State_Territory","6.26","Moderate","2023-11-15","2026-10-03","SARS-CoV-2","2026-10-09 11:01"
"California","Del Norte","ID:100","15372","State_Territory","1.0","Very Low","2023-12-13","2026-10-03","Influenza A virus","2026-10-09 11:01"
"California","Fresno","ID:102","650000","State_Territory","25.77","Very High","2021-12-29","2026-10-03","SARS-CoV-2","2026-10-09 11:01"
"California","Fresno","ID:102","650000","State_Territory","1.0","Very Low","2023-05-14","2026-10-03","RSV","2026-10-09 11:01"
"California","Fresno","ID:102","650000","State_Territory","2.11","Very Low","2023-03-05","2026-10-03","Influenza A virus","2026-10-09 11:01"
"California","Humboldt","ID:103","45000","State_Territory","1.0","Very Low","2023-10-08","2026-10-03","RSV","2026-10-09 11:01"
"California","Humboldt","ID:103","45000","State_Territory","9.2","High","2022-06-28","2026-10-03","SARS-CoV-2","2026-10-09 11:01"
"California","Humboldt","ID:103","45000","State_Territory","2.4","Low","2023-10-08","2026-10-03","Influenza A virus","2026-10-09 11:01"
"California","Kern","ID:106","168750","State_Territory","3.82","Low","2023-02-21","2026-10-03","Influenza A virus","2026-10-09 11:01"
"California","Kern","ID:106","168750","State_Territory","10.95","High","2021-10-20","2026-10-03","SARS-CoV-2","2026-10-09 11:01"
"California","Kern","ID:106","168750","State_Territory","1.21","Very Low","2023-05-16","2026-10-03","RSV","2026-10-09 11:01"
"California","Kings","ID:108","56000","State_Territory","3.58","Low","2023-04-25","2026-10-03","Influenza A virus","2026-10-09 11:01"
"California","Kings","ID:108","56000","State_Territory","8.73","High","2022-07-19","2026-10-03","SARS-CoV-2","2026-10-09 11:01"
"California","Kings","ID:108","56000","State_Territory","1.0","Very Low","2023-04-25","2026-10-03","RSV","2026-10-09 11:01"
"California","Lake","ID:111","13200","State_Territory","2.68","Low","2023-03-02","2026-10-03","Influenza A virus","2026-10-09 11:01"
"California","Lake","ID:111","13200","State_Territory","1.0","Very Low","2023-05-11","2026-10-03","RSV","2026-10-09 11:01"
"California","Lake","ID:111","13200","State_Territory","10.52","High","2022-03-21","2026-10-03","SARS-CoV-2","2026-10-09 11:01"
"California","Los Angeles, Ventura","ID:113","4000000","State_Territory, WastewaterSCAN","1.0","Very Low","2022-11-06","2026-10-03","RSV","2026-10-09 11:01"
"California","Los Angeles, Ventura","ID:113","4000000","State_Territory, WastewaterSCAN","4.77","Low","2022-11-06","2026-10-03","Influenza A virus","2026-10-09 11:01"
"California","Los Angeles, Ventura","ID:113","4000000","State_Territory, WastewaterSCAN","11.9","Very High","2021-01-20","2026-10-03","SARS-CoV-2","2026-10-09 11:01"
"California","Los Angeles","ID:114","3500000","State_Territory, WastewaterSCAN","2.82","Low","2022-05-08","2026-10-03","Influenza A virus","2026-10-09 11:01"
"California","Los Angeles","ID:114","3500000","State_Territory, WastewaterSCAN","1.0","Very Low","2022-05-08","2026-10-03","RSV","2026-10-09 11:01"
"California","Los Angeles","ID:114","3500000","State_Territory, WastewaterSCAN","6.05","Moderate","2020-06-01","2026-10-03","SARS-CoV-2","2026-10-09 11:01"
"California","Marin","ID:118","104250","WastewaterSCAN","15.95","Very High","2022-10-03","2026-10-03","SARS-CoV-2","2026-10-09 11:01"
"California","Marin","ID:118","104250","WastewaterSCAN","1.0","Very Low","2022-10-31","2026-10-03","RSV","2026-10-09 11:01"
"California","Marin","ID:118","104250","WastewaterSCAN","4.47","Low","2022-10-31","2026-10-03","Influenza A virus","2026-10-09 11:01"
"California","Marin","ID:121","53000","WastewaterSCAN","2.43","Low","2022-08-29","2026-10-03","Influenza A virus","2026-10-09 11:01"
"California","Marin","ID:121","53000","WastewaterSCAN","10.88","High","2022-08-01","2026-10-03","SARS-CoV-2","2026-10-09 11:01"
"California","Marin","ID:121","53000","WastewaterSCAN","1.0","Very Low","2022-08-29","2026-10-03","RSV","2026-10-09 11:01"
"California","Merced","ID:125","91000","WastewaterSCAN","1.58","Very Low","2023-02-10","2026-10-03","Influenza A virus","2026-10-09 11:01"
"California","Merced","ID:125","91000","WastewaterSCAN","21.0","Very High","2021-12-01","2026-10-03","SARS-CoV-2","2026-10-09 11:01"
"California","Merced","ID:125","91000","WastewaterSCAN","1.0","Very Low","2023-02-10","2026-10-03","RSV","2026-10-09 11:01"
"California","Monterey","ID:127","262000","WastewaterSCAN","4.0","Low","2023-02-05","2026-10-03","Influenza A virus","2026-10-09 11:01"
"California","Monterey","ID:127","262000","WastewaterSCAN","1.0","Very Low","2023-02-05","2026-10-03","RSV","2026-10-09 11:01"
"California","Monterey","ID:127","262000","WastewaterSCAN","12.94","Very High","2022-09-10","2026-10-03","SARS-CoV-2","2026-10-09 11:01"
"California","Napa","ID:129","20256","State_Territory","6.22","Moderate","2023-03-13","2026-10-03","Influenza A virus","2026-10-09 11:01"
"California","Napa","ID:129","20256","State_Territory","13.21","Very High","2022-12-19","2026-10-03","SARS-CoV-2","2026-10-09 11:01"
"California","Napa","ID:129","20256","State_Territory","1.0","Very Low","2023-05-15","2026-10-03","RSV","2026-10-09 11:01"
"California","Napa","ID:130","83300","WastewaterSCAN","1.0","Very Low","2022-12-05","2026-10-03","RSV","2026-10-09 11:01"
"California","Napa","ID:130","83300","WastewaterSCAN","3.11","Low","2022-11-07","2026-10-03","SARS-CoV-2","2026-10-09 11:01"
"California","Napa","ID:130","83300","WastewaterSCAN","2.27","Very Low","2022-12-05","2026-10-03","Influenza A virus","2026-10-09 11:01"
"California","El Dorado, Nevada, Placer","ID:131","50000","State_Territory","11.74","Very High","2024-02-25","2026-10-03","SARS-CoV-2","2026-10-09 11:01"
"California","El Dorado, Nevada, Placer","ID:131","50000","State_Territory","1.0","Very Low","2024-03-24","2026-10-03","RSV","2026-10-09 11:01"
"California","El Dorado, Nevada, Placer","ID:131","50000","State_Territory","3.09","Low","2024-03-24","2026-10-03","Influenza A virus","2026-10-09 11:01"
"California","Orange","ID:135","1800000","State_Territory","4.34","Low","2023-03-12","2026-10-03","Influenza A virus","2026-10-09 11:01"
"California","Orange","ID:135","1800000","State_Territory","1.0","Very Low","2023-05-14","2026-10-03","RSV","2026-10-09 11:01"
"California","Orange","ID:135","1800000","State_Territory","8.8","High","2021-01-20","2026-10-03","SARS-CoV-2","2026-10-09 11:01"
"California","Placer","ID:136","108444","State_Territory","1.0","Very Low","2023-11-28","2026-10-03","RSV","2026-10-09 11:01"
"California","Placer","ID:136","108444","State_Territory","2.63","Low","2023-11-28","2026-10-03","Influenza A virus","2026-10-09 11:01"
"California","Placer","ID:136","108444","State_Territory","9.27","High","2023-10-31","2026-10-03","SARS-CoV-2","2026-10-09 11:01"
"California","Plumas","ID:137","4217","State_Territory","21.98","Very High","2022-10-18","2026-10-03","SARS-CoV-2","2026-10-09 11:01"
"California","Plumas","ID:137","4217","State_Territory","1.0","Very Low","2023-05-16","2026-10-03","RSV","2026-10-09 11:01"
"California","Plumas","ID:137","4217","State_Territory","1.0","Very Low","2023-03-14","2026-10-03","Influenza A virus","2026-10-09 11:01"
"California","Riverside","ID:138","350000","WastewaterSCAN","2.69","Low","2023-04-05","2026-10-03","Influenza A virus","2026-10-09 11:01"
"California","Riverside","ID:138","350000","WastewaterSCAN","1.0","Very Low","2023-04-05","2026-10-03","RSV","2026-10-09 11:01"
"California","Riverside","ID:138","350000","WastewaterSCAN","27.94","Very High","2023-03-08","2026-10-03","SARS-CoV-2","2026-10-09 11:01"
"California","Riverside","ID:139","91765","WastewaterSCAN","1.66","Very Low","2022-11-02","2026-10-03","RSV","2026-10-09 11:01"
"California","Riverside","ID:139","91765","WastewaterSCAN","1.63","Very Low","2022-11-02","2026-10-03","Influenza A virus","2026-10-09 11:01"
"California","Riverside","ID:139","91765","WastewaterSCAN","9.83","High","2022-06-05","2026-10-03","SARS-CoV-2","2026-10-09 11:01"
"California","Sacramento","ID:140","1480000","WastewaterSCAN","5.21","Low","2023-04-30","2026-10-03","Influenza A virus","2026-10-09 11:01"
"California","Sacramento","ID:140","1480000","WastewaterSCAN","14.48","Very High","2020-11-24","2026-10-03","SARS-CoV-2","2026-10-09 11:01"
"California","Sacramento","ID:140","1480000","WastewaterSCAN","1.0","Very Low","2023-04-30","2026-10-03","RSV","2026-10-09 11:01"
"California","San Bernardino","ID:143","890000","WastewaterSCAN","4.65","Low","2022-07-04","2026-10-03","Influenza A virus","2026-10-09 11:01"
"California","San Bernardino","ID:143","890000","WastewaterSCAN","9.43","High","2022-06-06","2026-10-03","SARS-CoV-2","2026-10-09 11:01"
"California","San Bernardino","ID:143","890000","WastewaterSCAN","2.48","Low","2022-07-04","2026-10-03","RSV","2026-10-09 11:01"
"California","San Bernardino","ID:144","325000","State_Territory","1.26","Very Low","2023-05-15","2026-10-03","RSV","2026-10-09 11:01"
"California","San Bernardino","ID:144","325000","State_Territory","10.45","High","2021-10-25","2026-10-03","SARS-CoV-2","2026-10-09 11:01"
"California","San Bernardino","ID:144","325000","State_Territory","3.52","Low","2023-02-21","2026-10-03","Influenza A virus","2026-10-09 11:01"
"California","San Diego","ID:145","2200000","State_Territory, WastewaterSCAN","8.0","Moderate","2022-10-16","2026-10-03","Influenza A virus","2026-10-09 11:01"
"California","San Diego","ID:145","2200000","State_Territory, WastewaterSCAN","9.39","High","2021-01-18","2026-10-03","SARS-CoV-2","2026-10-09 11:01"
"California","San Diego","ID:145","2200000","State_Territory, WastewaterSCAN","2.12","Low","2022-10-16","2026-10-03","RSV","2026-10-09 11:01"
"California","San Francisco, San Mateo","ID:147","250000","WastewaterSCAN","2.52","Low","2023-05-01","2026-10-03","RSV","2026-10-09 11:01"
"California","San Francisco, San Mateo","ID:147","250000","WastewaterSCAN","11.09","High","2020-11-17","2026-10-03","SARS-CoV-2","2026-10-09 11:01"
"California","San Francisco, San Mateo","ID:147","250000","WastewaterSCAN","11.78","High","2023-03-08","2026-10-03","Influenza A virus","2026-10-09 11:01"
"California","San Francisco, San Mateo","ID:148","750000","State_Territory, WastewaterSCAN","5.52","Moderate","2020-11-17","2026-10-03","SARS-CoV-2","2026-10-09 11:01"
"California","San Francisco, San Mateo","ID:148","750000","State_Territory, WastewaterSCAN","2.85","Low","2023-05-01","2026-10-03","RSV","2026-10-09 11:01"
"California","San Francisco, San Mateo","ID:148","750000","State_Territory, WastewaterSCAN","9.65","Moderate","2023-03-08","2026-10-03","Influenza A virus","2026-10-09 11:01"
"California","San Luis Obispo","ID:164","31037","WastewaterSCAN","4.42","Low","2022-05-09","2026-10-03","Influenza A virus","2026-10-09 11:01"
"California","San Luis Obispo","ID:164","31037","WastewaterSCAN","1.0","Very Low","2022-05-09","2026-10-03","RSV","2026-10-09 11:01"
"California","San Luis Obispo","ID:164","31037","WastewaterSCAN","5.36","Moderate","2022-02-22","2026-10-03","SARS-CoV-2","2026-10-09 11:01"
"California","San Luis Obispo","ID:165","47545","State_Territory","10.2","High","2022-07-26","2026-10-03","SARS-CoV-2","2026-10-09 11:01"
"California","San Luis Obispo","ID:165","47545","State_Territory","12.29","High","2023-10-16","2026-10-03","Influenza A virus","2026-10-09 11:01"
"California","San Luis Obispo","ID:165","47545","State_Territory","1.0","Very Low","2023-10-16","2026-10-03","RSV","2026-10-09 11:01"
"California","San Mateo","ID:170","199000","WastewaterSCAN","1.0","Very Low","2023-05-01","2026-10-03","RSV","2026-10-09 11:01"
"California","San Mateo","ID:170","199000","WastewaterSCAN","10.0","High","2020-11-25","2026-10-03","SARS-CoV-2","2026-10-09 11:01"
"California","San Mateo","ID:170","199000","WastewaterSCAN","4.28","Low","2023-05-01","2026-10-03","Influenza A virus","2026-10-09 11:01"
"California","Santa Barbara","ID:171","69290","WastewaterSCAN","2.19","Very Low","2022-10-10","2026-10-03","Influenza A virus","2026-10-09 11:01"
"California","Santa Barbara","ID:171","69290","WastewaterSCAN","16.52","Very High","2022-09-12","2026-10-03","SARS-CoV-2","2026-10-09 11:01"
"California","Santa Barbara","ID:171","69290","WastewaterSCAN","1.75","Low","2022-10-10","2026-10-03","RSV","2026-10-09 11:01"
"California","Santa Barbara","ID:172","77600","State_Territory","7.96","High","2023-08-21","2026-10-03","SARS-CoV-2","2026-10-09 11:01"
"California","Santa Barbara","ID:172","77600","State_Territory","3.5","Low","2023-09-18","2026-10-03","Influenza A virus","2026-10-09 11:01"
"California","Santa Barbara","ID:172","77600","State_Territory","1.0","Very Low","2023-09-18","2026-10-03","RSV","2026-10-09 11:01"
"California","Santa Clara","ID:173","153000","WastewaterSCAN","10.9","High","2021-01-11","2026-10-03","SARS-CoV-2","2026-10-09 11:01"
"California","Santa Clara","ID:173","153000","WastewaterSCAN","1.88","Low","2023-05-01","2026-10-03","RSV","2026-10-09 11:01"
"California","Santa Clara","ID:173","153000","WastewaterSCAN","7.62","Moderate","2023-05-01","2026-10-03","Influenza A virus","2026-10-09 11:01"
"California","Santa Clara","ID:174","110338","WastewaterSCAN","14.25","Very High","2021-01-11","2026-10-03","SARS-CoV-2","2026-10-09 11:01"
"California","Santa Clara","ID:174","110338","WastewaterSCAN","4.91","Moderate","2023-05-01","2026-10-03","RSV","2026-10-09 11:01"
"California","Contra Costa","ID:98","218281","State_Territory","2.76","Low","2022-06-20","2026-09-26","SARS-CoV-2","2026-10-09 11:01"
"California","Contra Costa","ID:98","218281","State_Territory","1.0","Very Low","2023-09-04","2026-09-26","RSV","2026-10-09 11:01"
"California","Merced","ID:125","91000","WastewaterSCAN","1.0","Very Low","2023-02-10","2026-09-26","RSV","2026-10-09 11:01"
"California","Merced","ID:125","91000","WastewaterSCAN","15.0","Very High","2021-12-01","2026-09-26","SARS-CoV-2","2026-10-09 11:01"
"California","Merced","ID:125","91000","WastewaterSCAN","1.0","Very Low","2023-02-10","2026-09-26","Influenza A virus","2026-10-09 11:01"
"California","Monterey","ID:127","262000","WastewaterSCAN","9.24","High","2022-09-10","2026-09-26","SARS-CoV-2","2026-10-09 11:01"
"California","Monterey","ID:127","262000","WastewaterSCAN","1.0","Very Low","2023-02-05","2026-09-26","RSV","2026-10-09 11:01"
"California","Monterey","ID:127","262000","WastewaterSCAN","2.01","Very Low","2023-02-05","2026-09-26","Influenza A virus","2026-10-09 11:01"
"California","Napa","ID:129","20256","State_Territory","11.7","Very High","2022-12-19","2026-09-26","SARS-CoV-2","2026-10-09 11:01"
"California","Napa","ID:129","20256","State_Territory","11.94","High","2023-03-13","2026-09-26","Influenza A virus","2026-10-09 11:01"
"California","Napa","ID:129","20256","State_Territory","1.0","Very Low","2023-05-15","2026-09-26","RSV","2026-10-09 11:01"
"California","Napa","ID:130","83300","WastewaterSCAN","6.84","Moderate","2022-11-07","2026-09-26","SARS-CoV-2","2026-10-09 11:01"
"California","Napa","ID:130","83300","WastewaterSCAN","1.0","Very Low","2022-12-05","2026-09-26","RSV","2026-10-09 11:01"
"California","Napa","ID:130","83300","WastewaterSCAN","3.24","Low","2022-12-05","2026-09-26","Influenza A virus","2026-10-09 11:01"
"California","El Dorado, Nevada, Placer","ID:131","50000","State_Territory","1.3","Very Low","2024-03-24","2026-09-26","RSV","2026-10-09 11:01"
"California","El Dorado, Nevada, Placer","ID:131","50000","State_Territory","5.55","Moderate","2024-03-24","2026-09-26","Influenza A virus","2026-10-09 11:01"
"California","El Dorado, Nevada, Placer","ID:131","50000","State_Territory","6.92","Moderate","2024-02-25","2026-09-26","SARS-CoV-2","2026-10-09 11:01"
"California","Orange","ID:135","1800000","State_Territory","7.25","Moderate","2021-01-20","2026-09-26","SARS-CoV-2","2026-10-09 11:01"
"California","Orange","ID:135","1800000","State_Territory","1.0","Very Low","2023-05-14","2026-09-26","RSV","2026-10-09 11:01"
"California","Orange","ID:135","1800000","State_Territory","4.88","Low","2023-03-12","2026-09-26","Influenza A virus","2026-10-09 11:01"
"California","Placer","ID:136","108444","State_Territory","1.0","Very Low","2023-11-28","2026-09-26","RSV","2026-10-09 11:01"
"California","Placer","ID:136","108444","State_Territory","7.67","Moderate","2023-10-31","2026-09-26","SARS-CoV-2","2026-10-09 11:01"
"California","Placer","ID:136","108444","State_Territory","1.82","Very Low","2023-11-28","2026-09-26","Influenza A virus","2026-10-09 11:01"
"California","Plumas","ID:137","4217","State_Territory","18.19","Very High","2022-10-18","2026-09-26","SARS-CoV-2","2026-10-09 11:01"
"California","Plumas","ID:137","4217","State_Territory","1.0","Very Low","2023-03-14","2026-09-26","Influenza A virus","2026-10-09 11:01"
"California","Plumas","ID:137","4217","State_Territory","1.0","Very Low","2023-05-16","2026-09-26","RSV","2026-10-09 11:01"
"California","Riverside","ID:138","350000","WastewaterSCAN","1.0","Very Low","2023-04-05","2026-09-26","RSV","2026-10-09 11:01"
"California","Riverside","ID:138","350000","WastewaterSCAN","22.56","Very High","2023-03-08","2026-09-26","SARS-CoV-2","2026-10-09 11:01"
"California","Riverside","ID:138","350000","WastewaterSCAN","1.52","Very Low","2023-04-05","2026-09-26","Influenza A virus","2026-10-09 11:01"
"California","Riverside","ID:139","91765","WastewaterSCAN","12.16","Very High","2022-06-05","2026-09-26","SARS-CoV-2","2026-10-09 11:01"
"California","Riverside","ID:139","91765","WastewaterSCAN","1.0","Very Low","2022-11-02","2026-09-26","Influenza A virus","2026-10-09 11:01"
"California","Riverside","ID:139","91765","WastewaterSCAN","1.0","Very Low","2022-11-02","2026-09-26","RSV","2026-10-09 11:01"
"California","Sacramento","ID:140","1480000","WastewaterSCAN","1.59","Very Low","2023-04-30","2026-09-26","RSV","2026-10-09 11:01"
"California","Sacramento","ID:140","1480000","WastewaterSCAN","10.85","High","2020-11-24","2026-09-26","SARS-CoV-2","2026-10-09 11:01"
"California","Sacramento","ID:140","1480000","WastewaterSCAN","4.16","Low","2023-04-30","2026-09-26","Influenza A virus","2026-10-09 11:01"
"California","San Bernardino","ID:143","890000","WastewaterSCAN","1.0","Very Low","2022-07-04","2026-09-26","RSV","2026-10-09 11:01"
"California","San Bernardino","ID:143","890000","WastewaterSCAN","21.21","Very High","2022-06-06","2026-09-26","SARS-CoV-2","2026-10-09 11:01"
"California","San Bernardino","ID:143","890000","WastewaterSCAN","3.19","Low","2022-07-04","2026-09-26","Influenza A virus","2026-10-09 11:01"
"California","San Bernardino","ID:144","325000","State_Territory","2.8","Low","2023-02-21","2026-09-26","Influenza A virus","2026-10-09 11:01"
"California","San Bernardino","ID:144","325000","State_Territory","13.97","Very High","2021-10-25","2026-09-26","SARS-CoV-2","2026-10-09 11:01"
"California","San Bernardino","ID:144","325000","State_Territory","1.0","Very Low","2023-05-15","2026-09-26","RSV","2026-10-09 11:01"
"California","San Diego","ID:145","2200000","State_Territory, WastewaterSCAN","4.3","Low","2021-01-18","2026-09-26","SARS-CoV-2","2026-10-09 11:01"
"California","San Diego","ID:145","2200000","State_Territory, WastewaterSCAN","1.0","Very Low","2022-10-16","2026-09-26","RSV","2026-10-09 11:01"
"California","San Diego","ID:145","2200000","State_Territory, WastewaterSCAN","1.73","Very Low","2022-10-16","2026-09-26","Influenza A virus","2026-10-09 11:01"
"California","San Francisco, San Mateo","ID:147","250000","WastewaterSCAN","9.17","Moderate","2023-03-08","2026-09-26","Influenza A virus","2026-10-09 11:01"
"California","San Francisco, San Mateo","ID:147","250000","WastewaterSCAN","11.91","Very High","2020-11-17","2026-09-26","SARS-CoV-2","2026-10-09 11:01"
"California","San Francisco, San Mateo","ID:147","250000","WastewaterSCAN","1.41","Very Low","2023-05-01","2026-09-26","RSV","2026-10-09 11:01"
"California","San Francisco, San Mateo","ID:148","750000","State_Territory, WastewaterSCAN","7.37","Moderate","2023-03-08","2026-09-26","Influenza A virus","2026-10-09 11:01"
"California","San Francisco, San Mateo","ID:148","750000","State_Territory, WastewaterSCAN","6.71","Moderate","2020-11-17","2026-09-26","SARS-CoV-2","2026-10-09 11:01"
"California","San Francisco, San Mateo","ID:148","750000","State_Territory, WastewaterSCAN","1.73","Low","2023-05-01","2026-09-26","RSV","2026-10-09 11:01"
"California","San Luis Obispo","ID:164","31037","WastewaterSCAN","5.79","Moderate","2022-02-22","2026-09-26","SARS-CoV-2","2026-10-09 11:01"
"California","San Luis Obispo","ID:164","31037","WastewaterSCAN","1.72","Very Low","2022-05-09","2026-09-26","Influenza A virus","2026-10-09 11:01"
"California","San Luis Obispo","ID:164","31037","WastewaterSCAN","1.0","Very Low","2022-05-09","2026-09-26","RSV","2026-10-09 11:01"
"California","San Luis Obispo","ID:165","47545","State_Territory","1.0","Very Low","2023-10-16","2026-09-26","RSV","2026-10-09 11:01"
"California","San Luis Obispo","ID:165","47545","State_Territory","4.11","Low","2023-10-16","2026-09-26","Influenza A virus","2026-10-09 11:01"
"California","San Luis Obispo","ID:165","47545","State_Territory","9.19","High","2022-07-26","2026-09-26","SARS-CoV-2","2026-10-09 11:01"
"California","San Mateo","ID:170","199000","WastewaterSCAN","1.48","Very Low","2023-05-01","2026-09-26","RSV","2026-10-09 11:01"
"California","San Mateo","ID:170","199000","WastewaterSCAN","3.78","Low","2023-05-01","2026-09-26","Influenza A virus","2026-10-09 11:01"
"California","San Mateo","ID:170","199000","WastewaterSCAN","11.02","High","2020-11-25","2026-09-26","SARS-CoV-2","2026-10-09 11:01"
"California","Santa Barbara","ID:171","69290","WastewaterSCAN","15.0","Very High","2022-09-12","2026-09-26","SARS-CoV-2","2026-10-09 11:01"
"California","Santa Barbara","ID:171","69290","WastewaterSCAN","7.96","Moderate","2022-10-10","2026-09-26","Influenza A virus","2026-10-09 11:01"
"California","Santa Barbara","ID:171","69290","WastewaterSCAN","1.88","Low","2022-10-10","2026-09-26","RSV","2026-10-09 11:01"
"California","Santa Barbara","ID:172","77600","State_Territory","1.0","Very Low","2023-09-18","2026-09-26","RSV","2026-10-09 11:01"
"California","Santa Barbara","ID:172","77600","State_Territory","9.18","High","2023-08-21","2026-09-26","SARS-CoV-2","2026-10-09 11:01"
"California","Santa Barbara","ID:172","77600","State_Territory","6.16","Moderate","2023-09-18","2026-09-26","Influenza A virus","2026-10-09 11:01"
"California","Santa Clara","ID:173","153000","WastewaterSCAN","1.17","Very Low","2023-05-01","2026-09-26","RSV","2026-10-09 11:01"
"California","Santa Clara","ID:173","153000","WastewaterSCAN","6.11","Moderate","2021-01-11","2026-09-26","SARS-CoV-2","2026-10-09 11:01"
"California","Santa Clara","ID:173","153000","WastewaterSCAN","4.88","Low","2023-05-01","2026-09-26","Influenza A virus","2026-10-09 11:01"
"California","Santa Clara","ID:174","110338","WastewaterSCAN","19.66","Very High","2021-01-11","2026-09-26","SARS-CoV-2","2026-10-09 11:01"
"California","Santa Clara","ID:174","110338","WastewaterSCAN","4.19","Low","2023-05-01","2026-09-26","Influenza A virus","2026-10-09 11:01"
"California","Santa Clara","ID:174","110338","WastewaterSCAN","1.18","Very Low","2023-05-01","2026-09-26","RSV","2026-10-09 11:01"
"California","Santa Clara","ID:175","236000","WastewaterSCAN","6.41","Moderate","2023-04-30","2026-09-26","Influenza A virus","2026-10-09 11:01"
"California","Santa Clara","ID:175","236000","WastewaterSCAN","2.08","Low","2023-04-30","2026-09-26","RSV","2026-10-09 11:01"
"California","Santa Clara","ID:175","236000","WastewaterSCAN","13.24","Very High","2020-11-13","2026-09-26","SARS-CoV-2","2026-10-09 11:01"
"California","Santa Clara","ID:176","1500000","WastewaterSCAN","5.06","Low","2023-04-30","2026-09-26","Influenza A virus","2026-10-09 11:01"
"California","Santa Clara","ID:176","1500000","WastewaterSCAN","1.12","Very Low","2023-04-30","2026-09-26","RSV","2026-10-09 11:01"
"California","Santa Clara","ID:176","1500000","WastewaterSCAN","6.82","Moderate","2020-04-29","2026-09-26","SARS-CoV-2","2026-10-09 11:01"
"California","Santa Cruz","ID:179","160000","WastewaterSCAN","18.75","Very High","2022-05-15","2026-09-26","SARS-CoV-2","2026-10-09 11:01"
"California","Santa Cruz","ID:179","160000","WastewaterSCAN","3.89","Low","2022-06-12","2026-09-26","Influenza A virus","2026-10-09 11:01"
"California","Santa Cruz","ID:179","160000","WastewaterSCAN","4.45","Moderate","2022-06-12","2026-09-26","RSV","2026-10-09 11:01"
"California","Shasta","ID:182","60000","State_Territory","1.51","Very Low","2023-10-30","2026-09-26","Influenza A virus","2026-10-09 11:01"
"California","Shasta","ID:182","60000","State_Territory","8.78","High","2023-10-02","2026-09-26","SARS-CoV-2","2026-10-09 11:01"
"California","Shasta","ID:182","60000","State_Territory","1.0","Very Low","2023-10-30","2026-09-26","RSV","2026-10-09 11:01"
"California","Solano","ID:183","121000","WastewaterSCAN","1.0","Very Low","2022-11-29","2026-09-26","RSV","2026-10-09 11:01"
"California","Solano","ID:183","121000","WastewaterSCAN","25.43","Very High","2022-11-01","2026-09-26","SARS-CoV-2","2026-10-09 11:01"
"California","Solano","ID:183","121000","WastewaterSCAN","2.16","Very Low","2022-11-29","2026-09-26","Influenza A virus","2026-10-09 11:01"
"California","Sonoma","ID:184","230000","WastewaterSCAN","2.79","Low","2022-10-20","2026-09-26","Influenza A virus","2026-10-09 11:01"
"California","Sonoma","ID:184","230000","WastewaterSCAN","1.0","Very Low","2022-10-20","2026-09-26","RSV","2026-10-09 11:01"
"California","Sonoma","ID:184","230000","WastewaterSCAN","7.14","Moderate","2022-06-19","2026-09-26","SARS-CoV-2","2026-10-09 11:01"
"California","Stanislaus","ID:188","86000","WastewaterSCAN","8.11","High","2022-06-10","2026-09-26","SARS-CoV-2","2026-10-09 11:01"
"California","Stanislaus","ID:188","86000","WastewaterSCAN","1.0","Very Low","2023-02-10","2026-09-26","Influenza A virus","2026-10-09 11:01"
"California","Stanislaus","ID:188","86000","WastewaterSCAN","1.0","Very Low","2023-02-10","2026-09-26","RSV","2026-10-09 11:01"
"California","Sutter","ID:189","70000","State_Territory","1.0","Very Low","2023-02-08","2026-09-26","RSV","2026-10-09 11:01"
"California","Sutter","ID:189","70000","State_Territory","1.34","Very Low","2023-02-08","2026-09-26","Influenza A virus","2026-10-09 11:01"
"California","Sutter","ID:189","70000","State_Territory","7.1","Moderate","2023-01-11","2026-09-26","SARS-CoV-2","2026-10-09 11:01"
"California","Ventura","ID:190","250000","State_Territory","1.74","Low","2023-04-04","2026-09-26","RSV","2026-10-09 11:01"
"California","Ventura","ID:190","250000","State_Territory","4.46","Low","2023-04-04","2026-09-26","Influenza A virus","2026-10-09 11:01"
"California","Ventura","ID:190","250000","State_Territory","20.37","Very High","2021-05-05","2026-09-26","SARS-CoV-2","2026-10-09 11:01"
"California","Yolo","ID:193","68000","WastewaterSCAN","2.18","Very Low","2023-04-03","2026-09-26","Influenza A virus","2026-10-09 11:01"
"California","Yolo","ID:193","68000","WastewaterSCAN","6.92","Moderate","2021-01-04","2026-09-26","SARS-CoV-2","2026-10-09 11:01"
"California","Yolo","ID:193","68000","WastewaterSCAN","1.0","Very Low","2023-04-03","2026-09-26","RSV","2026-10-09 11:01"
"California","Yolo","ID:194","59000","WastewaterSCAN","1.0","Very Low","2023-02-10","2026-09-26","RSV","2026-10-09 11:01"
"California","Yolo","ID:194","59000","WastewaterSCAN","1.37","Very Low","2023-02-10","2026-09-26","Influenza A virus","2026-10-09 11:01"
"California","Yolo","ID:194","59000","WastewaterSCAN","10.56","High","2022-06-10","2026-09-26","SARS-CoV-2","2026-10-09 11:01"
"California","Shasta","ID:2380","29000","State_Territory","10.54","High","2023-10-10","2026-09-26","SARS-CoV-2","2026-10-09 11:01"
"California","Shasta","ID:2380","29000","State_Territory","1.68","Very Low","2023-11-07","2026-09-26","Influenza A virus","2026-10-09 11:01"
"California","Shasta","ID:2380","29000","State_Territory","1.0","Very Low","2023-11-07","2026-09-26","RSV","2026-10-09 11:01"
"California","Alameda","ID:2571","342000","WastewaterSCAN","8.97","High","2025-05-14","2026-09-26","SARS-CoV-2","2026-10-09 11:01"
"California","Alameda","ID:2571","342000","WastewaterSCAN","1.0","Very Low","2025-06-11","2026-09-26","RSV","2026-10-09 11:01"
"California","Alameda","ID:2571","342000","WastewaterSCAN","1.0","Very Low","2025-06-11","2026-09-26","Influenza A virus","2026-10-09 11:01"
"California","Alameda","ID:2572","150000","WastewaterSCAN","1.0","Very Low","2025-06-25","2026-09-26","RSV","2026-10-09 11:01"
"California","Alameda","ID:2572","150000","WastewaterSCAN","16.94","Very High","2025-05-28","2026-09-26","SARS-CoV-2","2026-10-09 11:01"
"California","Alameda","ID:2572","150000","WastewaterSCAN","7.72","Moderate","2025-06-25","2026-09-26","Influenza A virus","2026-10-09 11:01"
"California","Alameda","ID:2573","160000","WastewaterSCAN","2.92","Low","2025-08-18","2026-09-26","Influenza A virus","2026-10-09 11:01"
"California","Alameda","ID:2573","160000","WastewaterSCAN","8.37","High","2025-07-21","2026-09-26","SARS-CoV-2","2026-10-09 11:01"
"California","Alameda","ID:2573","160000","WastewaterSCAN","1.0","Very Low","2025-08-18","2026-09-26","RSV","2026-10-09 11:01"
"California","Alameda","ID:2601","95000","WastewaterSCAN","1.0","Very Low","2025-12-15","2026-09-26","RSV","2026-10-09 11:01"
"California","Alameda","ID:2601","95000","WastewaterSCAN","6.17","Moderate","2025-11-17","2026-09-26","SARS-CoV-2","2026-10-09 11:01"
"California","Alameda","ID:2601","95000","WastewaterSCAN","1.0","Very Low","2025-12-15","2026-09-26","Influenza A virus","2026-10-09 11:01"
"California","Alameda, Contra Costa","ID:94","740000","State_Territory","9.25","Moderate","2022-05-10","2026-09-26","Influenza A virus","2026-10-09 11:01"
"California","Alameda, Contra Costa","ID:94","740000","State_Territory","9.06","High","2021-05-19","2026-09-26","SARS-CoV-2","2026-10-09 11:01"
"California","Alameda, Contra Costa","ID:94","740000","State_Territory","1.0","Very Low","2022-05-10","2026-09-26","RSV","2026-10-09 11:01"
"California","Butte","ID:95","44000","State_Territory","1.0","Very Low","2023-10-02","2026-09-26","RSV","2026-10-09 11:01"
"California","Butte","ID:95","44000","State_Territory","13.89","Very High","2023-09-04","2026-09-26","SARS-CoV-2","2026-10-09 11:01"
"California","Butte","ID:95","44000","State_Territory","1.76","Very Low","2023-10-02","2026-09-26","Influenza A virus","2026-10-09 11:01"
"California","Butte","ID:96","101299","State_Territory","1.0","Very Low","2023-11-14","2026-09-26","RSV","2026-10-09 11:01"
"California","Butte","ID:96","101299","State_Territory","2.86","Low","2023-11-14","2026-09-26","Influenza A virus","2026-10-09 11:01"
"California","Butte","ID:96","101299","State_Territory","6.71","Moderate","2023-10-17","2026-09-26","SARS-CoV-2","2026-10-09 11:01"
"California","Contra Costa","ID:97","487300","State_Territory","6.12","Moderate","2020-12-28","2026-09-26","SARS-CoV-2","2026-10-09 11:01"
"California","Contra Costa","ID:97","487300","State_Territory","1.0","Very Low","2022-05-30","2026-09-26","RSV","2026-10-09 11:01"
"California","Contra Costa","ID:97","487300","State_Territory","5.22","Low","2022-05-30","2026-09-26","Influenza A virus","2026-10-09 11:01"
"California","Contra Costa","ID:98","218281","State_Territory","1.0","Very Low","2023-09-04","2026-09-26","Influenza A virus","2026-10-09 11:01"
"California","Del Norte","ID:100","15372","State_Territory","1.0","Very Low","2023-12-13","2026-09-26","RSV","2026-10-09 11:01"
"California","Del Norte","ID:100","15372","State_Territory","9.63","High","2023-11-15","2026-09-26","SARS-CoV-2","2026-10-09 11:01"
"California","Del Norte","ID:100","15372","State_Territory","1.92","Very Low","2023-12-13","2026-09-26","Influenza A virus","2026-10-09 11:01"
"California","Fresno","ID:102","650000","State_Territory","33.17","Very High","2021-12-29","2026-09-26","SARS-CoV-2","2026-10-09 11:01"
"California","Fresno","ID:102","650000","State_Territory","2.32","Very Low","2023-03-05","2026-09-26","Influenza A virus","2026-10-09 11:01"
"California","Fresno","ID:102","650000","State_Territory","1.0","Very Low","2023-05-14","2026-09-26","RSV","2026-10-09 11:01"
"California","Humboldt","ID:103","45000","State_Territory","6.88","Moderate","2022-06-28","2026-09-26","SARS-CoV-2","2026-10-09 11:01"
"California","Humboldt","ID:103","45000","State_Territory","2.0","Very Low","2023-10-08","2026-09-26","Influenza A virus","2026-10-09 11:01"
"California","Humboldt","ID:103","45000","State_Territory","1.0","Very Low","2023-10-08","2026-09-26","RSV","2026-10-09 11:01"
"California","Kern","ID:106","168750","State_Territory","2.61","Low","2023-02-21","2026-09-26","Influenza A virus","2026-10-09 11:01"
"California","Kern","ID:106","168750","State_Territory","1.0","Very Low","2023-05-16","2026-09-26","RSV","2026-10-09 11:01"
"California","Kern","ID:106","168750","State_Territory","8.11","High","2021-10-20","2026-09-26","SARS-CoV-2","2026-10-09 11:01"
"California","Kings","ID:108","56000","State_Territory","1.0","Very Low","2023-04-25","2026-09-26","RSV","2026-10-09 11:01"
"California","Kings","ID:108","56000","State_Territory","1.48","Very Low","2023-04-25","2026-09-26","Influenza A virus","2026-10-09 11:01"
"California","Kings","ID:108","56000","State_Territory","11.31","High","2022-07-19","2026-09-26","SARS-CoV-2","2026-10-09 11:01"
"California","Lake","ID:111","13200","State_Territory","1.67","Very Low","2023-03-02","2026-09-26","Influenza A virus","2026-10-09 11:01"
"California","Lake","ID:111","13200","State_Territory","9.47","High","2022-03-21","2026-09-26","SARS-CoV-2","2026-10-09 11:01"
"California","Lake","ID:111","13200","State_Territory","1.0","Very Low","2023-05-11","2026-09-26","RSV","2026-10-09 11:01"
"California","Los Angeles, Ventura","ID:113","4000000","State_Territory, WastewaterSCAN","10.79","High","2021-01-20","2026-09-26","SARS-CoV-2","2026-10-09 11:01"
"California","Los Angeles, Ventura","ID:113","4000000","State_Territory, WastewaterSCAN","1.16","Very Low","2022-11-06","2026-09-26","RSV","2026-10-09 11:01"
"California","Los Angeles, Ventura","ID:113","4000000","State_Territory, WastewaterSCAN","2.5","Low","2022-11-06","2026-09-26","Influenza A virus","2026-10-09 11:01"
"California","Los Angeles","ID:114","3500000","State_Territory, WastewaterSCAN","1.0","Very Low","2022-05-08","2026-09-26","RSV","2026-10-09 11:01"
"California","Los Angeles","ID:114","3500000","State_Territory, WastewaterSCAN","1.37","Very Low","2022-05-08","2026-09-26","Influenza A virus","2026-10-09 11:01"
"California","Los Angeles","ID:114","3500000","State_Territory, WastewaterSCAN","6.24","Moderate","2020-06-01","2026-09-26","SARS-CoV-2","2026-10-09 11:01"
"California","Marin","ID:118","104250","WastewaterSCAN","15.33","Very High","2022-10-03","2026-09-26","SARS-CoV-2","2026-10-09 11:01"
"California","Marin","ID:118","104250","WastewaterSCAN","3.7","Low","2022-10-31","2026-09-26","Influenza A virus","2026-10-09 11:01"
"California","Marin","ID:118","104250","WastewaterSCAN","1.0","Very Low","2022-10-31","2026-09-26","RSV","2026-10-09 11:01"
"California","Marin","ID:121","53000","WastewaterSCAN","1.0","Very Low","2022-08-29","2026-09-26","RSV","2026-10-09 11:01"
"California","Marin","ID:121","53000","WastewaterSCAN","11.94","Very High","2022-08-01","2026-09-26","SARS-CoV-2","2026-10-09 11:01"
"California","Marin","ID:121","53000","WastewaterSCAN","2.88","Low","2022-08-29","2026-09-26","Influenza A virus","2026-10-09 11:01"
"California","Contra Costa","ID:98","218281","State_Territory","1.0","Very Low","2023-09-04","2026-09-19","Influenza A virus","2026-10-09 11:01"
"California","Contra Costa","ID:98","218281","State_Territory","1.54","Very Low","2022-06-20","2026-09-19","SARS-CoV-2","2026-10-09 11:01"
"California","Merced","ID:125","91000","WastewaterSCAN","1.0","Very Low","2023-02-10","2026-09-19","RSV","2026-10-09 11:01"
"California","Merced","ID:125","91000","WastewaterSCAN","25.34","Very High","2021-12-01","2026-09-19","SARS-CoV-2","2026-10-09 11:01"
"California","Merced","ID:125","91000","WastewaterSCAN","1.0","Very Low","2023-02-10","2026-09-19","Influenza A virus","2026-10-09 11:01"
"California","Monterey","ID:127","262000","WastewaterSCAN","1.0","Very Low","2023-02-05","2026-09-19","Influenza A virus","2026-10-09 11:01"
"California","Monterey","ID:127","262000","WastewaterSCAN","1.0","Very Low","2023-02-05","2026-09-19","RSV","2026-10-09 11:01"
"California","Monterey","ID:127","262000","WastewaterSCAN","14.85","Very High","2022-09-10","2026-09-19","SARS-CoV-2","2026-10-09 11:01"
"California","Napa","ID:129","20256","State_Territory","1.0","Very Low","2023-05-15","2026-09-19","RSV","2026-10-09 11:01"
"California","Napa","ID:129","20256","State_Territory","8.97","High","2022-12-19","2026-09-19","SARS-CoV-2","2026-10-09 11:01"
"California","Napa","ID:129","20256","State_Territory","6.95","Moderate","2023-03-13","2026-09-19","Influenza A virus","2026-10-09 11:01"
"California","Napa","ID:130","83300","WastewaterSCAN","10.13","High","2022-11-07","2026-09-19","SARS-CoV-2","2026-10-09 11:01"
"California","Napa","ID:130","83300","WastewaterSCAN","2.66","Low","2022-12-05","2026-09-19","Influenza A virus","2026-10-09 11:01"
"California","Napa","ID:130","83300","WastewaterSCAN","1.0","Very Low","2022-12-05","2026-09-19","RSV","2026-10-09 11:01"
"California","El Dorado, Nevada, Placer","ID:131","50000","State_Territory","1.0","Very Low","2024-03-24","2026-09-19","RSV","2026-10-09 11:01"
"California","El Dorado, Nevada, Placer","ID:131","50000","State_Territory","1.81","Very Low","2024-03-24","2026-09-19","Influenza A virus","2026-10-09 11:01"
"California","El Dorado, Nevada, Placer","ID:131","50000","State_Territory","8.46","High","2024-02-25","2026-09-19","SARS-CoV-2","2026-10-09 11:01"
"California","Orange","ID:135","1800000","State_Territory","1.0","Very Low","2023-05-14","2026-09-19","RSV","2026-10-09 11:01"
"California","Orange","ID:135","1800000","State_Territory","7.2","Moderate","2021-01-20","2026-09-19","SARS-CoV-2","2026-10-09 11:01"
"California","Orange","ID:135","1800000","State_Territory","1.55","Very Low","2023-03-12","2026-09-19","Influenza A virus","2026-10-09 11:01"
"California","Placer","ID:136","108444","State_Territory","12.08","Very High","2023-10-31","2026-09-19","SARS-CoV-2","2026-10-09 11:01"
"California","Placer","ID:136","108444","State_Territory","1.0","Very Low","2023-11-28","2026-09-19","RSV","2026-10-09 11:01"
"California","Placer","ID:136","108444","State_Territory","3.95","Low","2023-11-28","2026-09-19","Influenza A virus","2026-10-09 11:01"
"California","Plumas","ID:137","4217","State_Territory","1.0","Very Low","2023-03-14","2026-09-19","Influenza A virus","2026-10-09 11:01"
"California","Plumas","ID:137","4217","State_Territory","1.0","Very Low","2023-05-16","2026-09-19","RSV","2026-10-09 11:01"
"California","Plumas","ID:137","4217","State_Territory","14.5","Very High","2022-10-18","2026-09-19","SARS-CoV-2","2026-10-09 11:01"
"California","Riverside","ID:138","350000","WastewaterSCAN","20.33","Very High","2023-03-08","2026-09-19","SARS-CoV-2","2026-10-09 11:01"
"California","Riverside","ID:138","350000","WastewaterSCAN","2.08","Very Low","2023-04-05","2026-09-19","Influenza A virus","2026-10-09 11:01"
"California","Riverside","ID:138","350000","WastewaterSCAN","1.0","Very Low","2023-04-05","2026-09-19","RSV","2026-10-09 11:01"
"California","Riverside","ID:139","91765","WastewaterSCAN","11.86","Very High","2022-06-05","2026-09-19","SARS-CoV-2","2026-10-09 11:01"
"California","Riverside","ID:139","91765","WastewaterSCAN","1.0","Very Low","2022-11-02","2026-09-19","RSV","2026-10-09 11:01"
"California","Riverside","ID:139","91765","WastewaterSCAN","1.0","Very Low","2022-11-02","2026-09-19","Influenza A virus","2026-10-09 11:01"
"California","Sacramento","ID:140","1480000","WastewaterSCAN","3.99","Low","2023-04-30","2026-09-19","Influenza A virus","2026-10-09 11:01"
"California","Sacramento","ID:140","1480000","WastewaterSCAN","1.11","Very Low","2023-04-30","2026-09-19","RSV","2026-10-09 11:01"
"California","Sacramento","ID:140","1480000","WastewaterSCAN","16.36","Very High","2020-11-24","2026-09-19","SARS-CoV-2","2026-10-09 11:01"
"California","San Bernardino","ID:143","890000","WastewaterSCAN","14.28","Very High","2022-06-06","2026-09-19","SARS-CoV-2","2026-10-09 11:01"
"California","San Bernardino","ID:143","890000","WastewaterSCAN","1.85","Very Low","2022-07-04","2026-09-19","Influenza A virus","2026-10-09 11:01"
"California","San Bernardino","ID:143","890000","WastewaterSCAN","1.0","Very Low","2022-07-04","2026-09-19","RSV","2026-10-09 11:01"
"California","San Bernardino","ID:144","325000","State_Territory","1.0","Very Low","2023-05-15","2026-09-19","RSV","2026-10-09 11:01"
"California","San Bernardino","ID:144","325000","State_Territory","11.39","High","2021-10-25","2026-09-19","SARS-CoV-2","2026-10-09 11:01"
"California","San Bernardino","ID:144","325000","State_Territory","2.04","Very Low","2023-02-21","2026-09-19","Influenza A virus","2026-10-09 11:01"
"California","San Diego","ID:145","2200000","State_Territory, WastewaterSCAN","7.63","Moderate","2021-01-18","2026-09-19","SARS-CoV-2","2026-10-09 11:01"
"California","San Diego","ID:145","2200000","State_Territory, WastewaterSCAN","1.98","Very Low","2022-10-16","2026-09-19","Influenza A virus","2026-10-09 11:01"
"California","San Diego","ID:145","2200000","State_Territory, WastewaterSCAN","1.0","Very Low","2022-10-16","2026-09-19","RSV","2026-10-09 11:01"
"California","San Francisco, San Mateo","ID:147","250000","WastewaterSCAN","1.61","Very Low","2023-05-01","2026-09-19","RSV","2026-10-09 11:01"
"California","San Francisco, San Mateo","ID:147","250000","WastewaterSCAN","7.23","Moderate","2023-03-08","2026-09-19","Influenza A virus","2026-10-09 11:01"
"California","San Francisco, San Mateo","ID:147","250000","WastewaterSCAN","11.97","Very High","2020-11-17","2026-09-19","SARS-CoV-2","2026-10-09 11:01"
"California","San Francisco, San Mateo","ID:148","750000","State_Territory, WastewaterSCAN","8.16","High","2020-11-17","2026-09-19","SARS-CoV-2","2026-10-09 11:01"
"California","San Francisco, San Mateo","ID:148","750000","State_Territory, WastewaterSCAN","1.48","Very Low","2023-05-01","2026-09-19","RSV","2026-10-09 11:01"
"California","San Francisco, San Mateo","ID:148","750000","State_Territory, WastewaterSCAN","6.43","Moderate","2023-03-08","2026-09-19","Influenza A virus","2026-10-09 11:01"
"California","San Luis Obispo","ID:164","31037","WastewaterSCAN","9.55","High","2022-02-22","2026-09-19","SARS-CoV-2","2026-10-09 11:01"
"California","San Luis Obispo","ID:164","31037","WastewaterSCAN","1.0","Very Low","2022-05-09","2026-09-19","Influenza A virus","2026-10-09 11:01"
"California","San Luis Obispo","ID:164","31037","WastewaterSCAN","1.0","Very Low","2022-05-09","2026-09-19","RSV","2026-10-09 11:01"
"California","San Luis Obispo","ID:165","47545","State_Territory","6.64","Moderate","2023-10-16","2026-09-19","Influenza A virus","2026-10-09 11:01"
"California","San Luis Obispo","ID:165","47545","State_Territory","1.0","Very Low","2023-10-16","2026-09-19","RSV","2026-10-09 11:01"
"California","San Luis Obispo","ID:165","47545","State_Territory","15.81","Very High","2022-07-26","2026-09-19","SARS-CoV-2","2026-10-09 11:01"
"California","San Mateo","ID:170","199000","WastewaterSCAN","1.86","Low","2023-05-01","2026-09-19","RSV","2026-10-09 11:01"
"California","San Mateo","ID:170","199000","WastewaterSCAN","12.58","Very High","2020-11-25","2026-09-19","SARS-CoV-2","2026-10-09 11:01"
"California","San Mateo","ID:170","199000","WastewaterSCAN","2.92","Low","2023-05-01","2026-09-19","Influenza A virus","2026-10-09 11:01"
"California","Santa Barbara","ID:171","69290","WastewaterSCAN","1.0","Very Low","2022-10-10","2026-09-19","RSV","2026-10-09 11:01"
"California","Santa Barbara","ID:171","69290","WastewaterSCAN","30.17","Very High","2022-09-12","2026-09-19","SARS-CoV-2","2026-10-09 11:01"
"California","Santa Barbara","ID:171","69290","WastewaterSCAN","2.66","Low","2022-10-10","2026-09-19","Influenza A virus","2026-10-09 11:01"
"California","Santa Barbara","ID:172","77600","State_Territory","1.9","Low","2023-09-18","2026-09-19","RSV","2026-10-09 11:01"
"California","Santa Barbara","ID:172","77600","State_Territory","1.73","Very Low","2023-09-18","2026-09-19","Influenza A virus","2026-10-09 11:01"
"California","Santa Barbara","ID:172","77600","State_Territory","10.45","High","2023-08-21","2026-09-19","SARS-CoV-2","2026-10-09 11:01"
"California","Santa Clara","ID:173","153000","WastewaterSCAN","2.57","Low","2023-05-01","2026-09-19","RSV","2026-10-09 11:01"
"California","Santa Clara","ID:173","153000","WastewaterSCAN","8.7","High","2021-01-11","2026-09-19","SARS-CoV-2","2026-10-09 11:01"
"California","Santa Clara","ID:173","153000","WastewaterSCAN","5.71","Moderate","2023-05-01","2026-09-19","Influenza A virus","2026-10-09 11:01"
"California","Santa Clara","ID:174","110338","WastewaterSCAN","2.86","Low","2023-05-01","2026-09-19","Influenza A virus","2026-10-09 11:01"
"California","Santa Clara","ID:174","110338","WastewaterSCAN","1.0","Very Low","2023-05-01","2026-09-19","RSV","2026-10-09 11:01"
"California","Santa Clara","ID:174","110338","WastewaterSCAN","23.07","Very High","2021-01-11","2026-09-19","SARS-CoV-2","2026-10-09 11:01"
"California","Santa Clara","ID:175","236000","WastewaterSCAN","10.65","High","2020-11-13","2026-09-19","SARS-CoV-2","2026-10-09 11:01"
"California","Santa Clara","ID:175","236000","WastewaterSCAN","5.18","Low","2023-04-30","2026-09-19","Influenza A virus","2026-10-09 11:01"
"California","Santa Clara","ID:175","236000","WastewaterSCAN","1.89","Low","2023-04-30","2026-09-19","RSV","2026-10-09 11:01"
"California","Santa Clara","ID:176","1500000","WastewaterSCAN","4.3","Low","2023-04-30","2026-09-19","Influenza A virus","2026-10-09 11:01"
"California","Santa Clara","ID:176","1500000","WastewaterSCAN","2.13","Low","2023-04-30","2026-09-19","RSV","2026-10-09 11:01"
"California","Santa Clara","ID:176","1500000","WastewaterSCAN","12.51","Very High","2020-04-29","2026-09-19","SARS-CoV-2","2026-10-09 11:01"
"California","Santa Cruz","ID:179","160000","WastewaterSCAN","1.0","Very Low","2022-06-12","2026-09-19","RSV","2026-10-09 11:01"
"California","Santa Cruz","ID:179","160000","WastewaterSCAN","2.28","Very Low","2022-06-12","2026-09-19","Influenza A virus","2026-10-09 11:01"
"California","Santa Cruz","ID:179","160000","WastewaterSCAN","12.55","Very High","2022-05-15","2026-09-19","SARS-CoV-2","2026-10-09 11:01"
"California","Shasta","ID:182","60000","State_Territory","1.76","Low","2023-10-30","2026-09-19","RSV","2026-10-09 11:01"
"California","Shasta","ID:182","60000","State_Territory","8.78","High","2023-10-02","2026-09-19","SARS-CoV-2","2026-10-09 11:01"
"California","Shasta","ID:182","60000","State_Territory","5.24","Low","2023-10-30","2026-09-19","Influenza A virus","2026-10-09 11:01"
"California","Solano","ID:183","121000","WastewaterSCAN","15.86","Very High","2022-11-01","2026-09-19","SARS-CoV-2","2026-10-09 11:01"
"California","Solano","ID:183","121000","WastewaterSCAN","1.0","Very Low","2022-11-29","2026-09-19","Influenza A virus","2026-10-09 11:01"
"California","Solano","ID:183","121000","WastewaterSCAN","1.0","Very Low","2022-11-29","2026-09-19","RSV","2026-10-09 11:01"
"California","Sonoma","ID:184","230000","WastewaterSCAN","3.22","Low","2022-10-20","2026-09-19","Influenza A virus","2026-10-09 11:01"
"California","Sonoma","ID:184","230000","WastewaterSCAN","1.0","Very Low","2022-10-20","2026-09-19","RSV","2026-10-09 11:01"
"California","Sonoma","ID:184","230000","WastewaterSCAN","9.37","High","2022-06-19","2026-09-19","SARS-CoV-2","2026-10-09 11:01"
"California","Stanislaus","ID:188","86000","WastewaterSCAN","14.82","Very High","2022-06-10","2026-09-19","SARS-CoV-2","2026-10-09 11:01"
"California","Stanislaus","ID:188","86000","WastewaterSCAN","1.54","Very Low","2023-02-10","2026-09-19","Influenza A virus","2026-10-09 11:01"
"California","Stanislaus","ID:188","86000","WastewaterSCAN","1.0","Very Low","2023-02-10","2026-09-19","RSV","2026-10-09 11:01"
"California","Sutter","ID:189","70000","State_Territory","1.25","Very Low","2023-02-08","2026-09-19","Influenza A virus","2026-10-09 11:01"
"California","Sutter","ID:189","70000","State_Territory","8.28","High","2023-01-11","2026-09-19","SARS-CoV-2","2026-10-09 11:01"
"California","Sutter","ID:189","70000","State_Territory","1.0","Very Low","2023-02-08","2026-09-19","RSV","2026-10-09 11:01"
"California","Ventura","ID:190","250000","State_Territory","2.96","Low","2023-04-04","2026-09-19","Influenza A virus","2026-10-09 11:01"
"California","Ventura","ID:190","250000","State_Territory","1.29","Very Low","2023-04-04","2026-09-19","RSV","2026-10-09 11:01"
"California","Ventura","ID:190","250000","State_Territory","15.61","Very High","2021-05-05","2026-09-19","SARS-CoV-2","2026-10-09 11:01"
"California","Yolo","ID:193","68000","WastewaterSCAN","8.38","High","2021-01-04","2026-09-19","SARS-CoV-2","2026-10-09 11:01"
"California","Yolo","ID:193","68000","WastewaterSCAN","1.94","Very Low","2023-04-03","2026-09-19","Influenza A virus","2026-10-09 11:01"
"California","Yolo","ID:193","68000","WastewaterSCAN","1.0","Very Low","2023-04-03","2026-09-19","RSV","2026-10-09 11:01"
"California","Yolo","ID:194","59000","WastewaterSCAN","1.0","Very Low","2023-02-10","2026-09-19","RSV","2026-10-09 11:01"
"California","Yolo","ID:194","59000","WastewaterSCAN","1.0","Very Low","2023-02-10","2026-09-19","Influenza A virus","2026-10-09 11:01"
"California","Yolo","ID:194","59000","WastewaterSCAN","11.28","High","2022-06-10","2026-09-19","SARS-CoV-2","2026-10-09 11:01"
"California","Shasta","ID:2380","29000","State_Territory","1.0","Very Low","2023-11-07","2026-09-19","Influenza A virus","2026-10-09 11:01"
"California","Shasta","ID:2380","29000","State_Territory","9.56","High","2023-10-10","2026-09-19","SARS-CoV-2","2026-10-09 11:01"
"California","Shasta","ID:2380","29000","State_Territory","1.0","Very Low","2023-11-07","2026-09-19","RSV","2026-10-09 11:01"
"California","Alameda","ID:2571","342000","WastewaterSCAN","7.82","Moderate","2025-05-14","2026-09-19","SARS-CoV-2","2026-10-09 11:01"
"California","Alameda","ID:2571","342000","WastewaterSCAN","3.04","Low","2025-06-11","2026-09-19","Influenza A virus","2026-10-09 11:01"
"California","Alameda","ID:2571","342000","WastewaterSCAN","1.0","Very Low","2025-06-11","2026-09-19","RSV","2026-10-09 11:01"
"California","Alameda","ID:2572","150000","WastewaterSCAN","1.0","Very Low","2025-06-25","2026-09-19","RSV","2026-10-09 11:01"
"California","Alameda","ID:2572","150000","WastewaterSCAN","1.0","Very Low","2025-06-25","2026-09-19","Influenza A virus","2026-10-09 11:01"
"California","Alameda","ID:2572","150000","WastewaterSCAN","8.1","High","2025-05-28","2026-09-19","SARS-CoV-2","2026-10-09 11:01"
"California","Alameda","ID:2573","160000","WastewaterSCAN","15.36","Very High","2025-07-21","2026-09-19","SARS-CoV-2","2026-10-09 11:01"
"California","Alameda","ID:2573","160000","WastewaterSCAN","1.0","Very Low","2025-08-18","2026-09-19","Influenza A virus","2026-10-09 11:01"
"California","Alameda","ID:2573","160000","WastewaterSCAN","1.0","Very Low","2025-08-18","2026-09-19","RSV","2026-10-09 11:01"
"California","Alameda","ID:2601","95000","WastewaterSCAN","2.22","Very Low","2025-12-15","2026-09-19","Influenza A virus","2026-10-09 11:01"
"California","Alameda","ID:2601","95000","WastewaterSCAN","1.0","Very Low","2025-12-15","2026-09-19","RSV","2026-10-09 11:01"
"California","Alameda","ID:2601","95000","WastewaterSCAN","14.48","Very High","2025-11-17","2026-09-19","SARS-CoV-2","2026-10-09 11:01"
"California","Alameda, Contra Costa","ID:94","740000","State_Territory","8.16","High","2021-05-19","2026-09-19","SARS-CoV-2","2026-10-09 11:01"
"California","Alameda, Contra Costa","ID:94","740000","State_Territory","1.0","Very Low","2022-05-10","2026-09-19","RSV","2026-10-09 11:01"
"California","Alameda, Contra Costa","ID:94","740000","State_Territory","4.43","Low","2022-05-10","2026-09-19","Influenza A virus","2026-10-09 11:01"
"California","Butte","ID:95","44000","State_Territory","6.69","Moderate","2023-09-04","2026-09-19","SARS-CoV-2","2026-10-09 11:01"
"California","Butte","ID:95","44000","State_Territory","1.0","Very Low","2023-10-02","2026-09-19","RSV","2026-10-09 11:01"
"California","Butte","ID:95","44000","State_Territory","1.0","Very Low","2023-10-02","2026-09-19","Influenza A virus","2026-10-09 11:01"
"California","Butte","ID:96","101299","State_Territory","1.0","Very Low","2023-11-14","2026-09-19","RSV","2026-10-09 11:01"
"California","Butte","ID:96","101299","State_Territory","9.22","High","2023-10-17","2026-09-19","SARS-CoV-2","2026-10-09 11:01"
"California","Butte","ID:96","101299","State_Territory","2.14","Very Low","2023-11-14","2026-09-19","Influenza A virus","2026-10-09 11:01"
"California","Contra Costa","ID:97","487300","State_Territory","1.68","Very Low","2022-05-30","2026-09-19","RSV","2026-10-09 11:01"
"California","Contra Costa","ID:97","487300","State_Territory","8.19","High","2020-12-28","2026-09-19","SARS-CoV-2","2026-10-09 11:01"
"California","Contra Costa","ID:97","487300","State_Territory","6.26","Moderate","2022-05-30","2026-09-19","Influenza A virus","2026-10-09 11:01"
"California","Contra Costa","ID:98","218281","State_Territory","1.0","Very Low","2023-09-04","2026-09-19","RSV","2026-10-09 11:01"
"California","Del Norte","ID:100","15372","State_Territory","10.4","High","2023-11-15","2026-09-19","SARS-CoV-2","2026-10-09 11:01"
"California","Del Norte","ID:100","15372","State_Territory","1.0","Very Low","2023-12-13","2026-09-19","Influenza A virus","2026-10-09 11:01"
"California","Del Norte","ID:100","15372","State_Territory","1.0","Very Low","2023-12-13","2026-09-19","RSV","2026-10-09 11:01"
"California","Fresno","ID:102","650000","State_Territory","1.0","Very Low","2023-03-05","2026-09-19","Influenza A virus","2026-10-09 11:01"
"California","Fresno","ID:102","650000","State_Territory","1.0","Very Low","2023-05-14","2026-09-19","RSV","2026-10-09 11:01"
"California","Fresno","ID:102","650000","State_Territory","9.63","High","2021-12-29","2026-09-19","SARS-CoV-2","2026-10-09 11:01"
"California","Humboldt","ID:103","45000","State_Territory","3.14","Low","2023-10-08","2026-09-19","Influenza A virus","2026-10-09 11:01"
"California","Humboldt","ID:103","45000","State_Territory","9.29","High","2022-06-28","2026-09-19","SARS-CoV-2","2026-10-09 11:01"
"California","Humboldt","ID:103","45000","State_Territory","1.0","Very Low","2023-10-08","2026-09-19","RSV","2026-10-09 11:01"
"California","Kern","ID:106","168750","State_Territory","3.19","Low","2023-02-21","2026-09-19","Influenza A virus","2026-10-09 11:01"
"California","Kern","ID:106","168750","State_Territory","12.41","Very High","2021-10-20","2026-09-19","SARS-CoV-2","2026-10-09 11:01"
"California","Kern","ID:106","168750","State_Territory","2.91","Low","2023-05-16","2026-09-19","RSV","2026-10-09 11:01"
"California","Kings","ID:108","56000","State_Territory","13.33","Very High","2022-07-19","2026-09-19","SARS-CoV-2","2026-10-09 11:01"
"California","Kings","ID:108","56000","State_Territory","1.0","Very Low","2023-04-25","2026-09-19","RSV","2026-10-09 11:01"
"California","Kings","ID:108","56000","State_Territory","1.72","Very Low","2023-04-25","2026-09-19","Influenza A virus","2026-10-09 11:01"
"California","Lake","ID:111","13200","State_Territory","1.43","Very Low","2023-03-02","2026-09-19","Influenza A virus","2026-10-09 11:01"
"California","Lake","ID:111","13200","State_Territory","8.57","High","2022-03-21","2026-09-19","SARS-CoV-2","2026-10-09 11:01"
"California","Lake","ID:111","13200","State_Territory","1.0","Very Low","2023-05-11","2026-09-19","RSV","2026-10-09 11:01"
"California","Los Angeles, Ventura","ID:113","4000000","State_Territory, WastewaterSCAN","2.18","Very Low","2022-11-06","2026-09-19","Influenza A virus","2026-10-09 11:01"
"California","Los Angeles, Ventura","ID:113","4000000","State_Territory, WastewaterSCAN","14.99","Very High","2021-01-20","2026-09-19","SARS-CoV-2","2026-10-09 11:01"
"California","Los Angeles, Ventura","ID:113","4000000","State_Territory, WastewaterSCAN","1.0","Very Low","2022-11-06","2026-09-19","RSV","2026-10-09 11:01"
"California","Los Angeles","ID:114","3500000","State_Territory, WastewaterSCAN","5.5","Moderate","2020-06-01","2026-09-19","SARS-CoV-2","2026-10-09 11:01"
"California","Los Angeles","ID:114","3500000","State_Territory, WastewaterSCAN","1.0","Very Low","2022-05-08","2026-09-19","RSV","2026-10-09 11:01"
"California","Los Angeles","ID:114","3500000","State_Territory, WastewaterSCAN","1.29","Very Low","2022-05-08","2026-09-19","Influenza A virus","2026-10-09 11:01"
"California","Marin","ID:118","104250","WastewaterSCAN","2.2","Very Low","2022-10-31","2026-09-19","Influenza A virus","2026-10-09 11:01"
"California","Marin","ID:118","104250","WastewaterSCAN","1.0","Very Low","2022-10-31","2026-09-19","RSV","2026-10-09 11:01"
"California","Marin","ID:118","104250","WastewaterSCAN","19.12","Very High","2022-10-03","2026-09-19","SARS-CoV-2","2026-10-09 11:01"
"California","Marin","ID:121","53000","WastewaterSCAN","1.0","Very Low","2022-08-29","2026-09-19","RSV","2026-10-09 11:01"
"California","Marin","ID:121","53000","WastewaterSCAN","1.0","Very Low","2022-08-29","2026-09-19","Influenza A virus","2026-10-09 11:01"
"California","Marin","ID:121","53000","WastewaterSCAN","15.52","Very High","2022-08-01","2026-09-19","SARS-CoV-2","2026-10-09 11:01"
"California","Santa Cruz","ID:178","94000","CDC_Verily","2.66","Low","2022-05-15","2026-09-12","SARS-CoV-2","2026-10-09 11:01"
"California","Santa Cruz","ID:178","94000","CDC_Verily","1.0","Very Low","2022-06-12","2026-09-12","Influenza A virus","2026-10-09 11:01"
"California","Santa Cruz","ID:179","160000","WastewaterSCAN","1.65","Very Low","2022-06-12","2026-09-12","Influenza A virus","2026-10-09 11:01"
"California","Santa Cruz","ID:179","160000","WastewaterSCAN","1.0","Very Low","2022-06-12","2026-09-12","RSV","2026-10-09 11:01"
"California","Santa Cruz","ID:179","160000","WastewaterSCAN","13.78","Very High","2022-05-15","2026-09-12","SARS-CoV-2","2026-10-09 11:01"
"California","Monterey, Santa Cruz","ID:180","60000","CDC_Verily","1.0","Very Low","2023-02-16","2026-09-12","Influenza A virus","2026-10-09 11:01"
"California","Monterey, Santa Cruz","ID:180","60000","CDC_Verily","13.12","Very High","2022-06-29","2026-09-12","SARS-CoV-2","2026-10-09 11:01"
"California","Monterey, Santa Cruz","ID:180","60000","CDC_Verily","1.0","Very Low","2023-02-16","2026-09-12","RSV","2026-10-09 11:01"
"California","Shasta","ID:182","60000","State_Territory","1.0","Very Low","2023-10-30","2026-09-12","RSV","2026-10-09 11:01"
"California","Shasta","ID:182","60000","State_Territory","1.0","Very Low","2023-10-30","2026-09-12","Influenza A virus","2026-10-09 11:01"
"California","Shasta","ID:182","60000","State_Territory","9.46","High","2023-10-02","2026-09-12","SARS-CoV-2","2026-10-09 11:01"
"California","Solano","ID:183","121000","WastewaterSCAN","1.0","Very Low","2022-11-29","2026-09-12","RSV","2026-10-09 11:01"
"California","Solano","ID:183","121000","WastewaterSCAN","18.83","Very High","2022-11-01","2026-09-12","SARS-CoV-2","2026-10-09 11:01"
"California","Solano","ID:183","121000","WastewaterSCAN","1.0","Very Low","2022-11-29","2026-09-12","Influenza A virus","2026-10-09 11:01"
"California","Sonoma","ID:184","230000","WastewaterSCAN","2.34","Very Low","2022-10-20","2026-09-12","Influenza A virus","2026-10-09 11:01"
"California","Sonoma","ID:184","230000","WastewaterSCAN","1.0","Very Low","2022-10-20","2026-09-12","RSV","2026-10-09 11:01"
"California","Sonoma","ID:184","230000","WastewaterSCAN","7.96","High","2022-06-19","2026-09-12","SARS-CoV-2","2026-10-09 11:01"
"California","Sonoma","ID:186","28000","CDC_Verily","10.74","High","2023-01-27","2026-09-12","SARS-CoV-2","2026-10-09 11:01"
"California","Sonoma","ID:186","28000","CDC_Verily","1.0","Very Low","2023-02-24","2026-09-12","RSV","2026-10-09 11:01"
"California","Sonoma","ID:186","28000","CDC_Verily","1.0","Very Low","2023-02-24","2026-09-12","Influenza A virus","2026-10-09 11:01"
"California","Stanislaus","ID:187","230000","CDC_Verily","1.0","Very Low","2023-02-13","2026-09-12","RSV","2026-10-09 11:01"
"California","Stanislaus","ID:187","230000","CDC_Verily","1.0","Very Low","2023-02-13","2026-09-12","Influenza A virus","2026-10-09 11:01"
"California","Stanislaus","ID:187","230000","CDC_Verily","19.74","Very High","2021-12-01","2026-09-12","SARS-CoV-2","2026-10-09 11:01"
"California","Stanislaus","ID:188","86000","WastewaterSCAN","15.24","Very High","2022-06-10","2026-09-12","SARS-CoV-2","2026-10-09 11:01"
"California","Stanislaus","ID:188","86000","WastewaterSCAN","1.0","Very Low","2023-02-10","2026-09-12","RSV","2026-10-09 11:01"
"California","Stanislaus","ID:188","86000","WastewaterSCAN","1.0","Very Low","2023-02-10","2026-09-12","Influenza A virus","2026-10-09 11:01"
"California","Sutter","ID:189","70000","State_Territory","1.86","Very Low","2023-02-08","2026-09-12","Influenza A virus","2026-10-09 11:01"
"California","Sutter","ID:189","70000","State_Territory","1.0","Very Low","2023-02-08","2026-09-12","RSV","2026-10-09 11:01"
"California","Sutter","ID:189","70000","State_Territory","7.41","Moderate","2023-01-11","2026-09-12","SARS-CoV-2","2026-10-09 11:01"
"California","Ventura","ID:190","250000","CDC_Verily, State_Territory","1.15","Very Low","2023-04-04","2026-09-12","Influenza A virus","2026-10-09 11:01"
"California","Ventura","ID:190","250000","CDC_Verily, State_Territory","16.38","Very High","2021-05-05","2026-09-12","SARS-CoV-2","2026-10-09 11:01"
"California","Ventura","ID:190","250000","CDC_Verily, State_Territory","1.0","Very Low","2023-04-04","2026-09-12","RSV","2026-10-09 11:01"
"California","Yolo","ID:193","68000","WastewaterSCAN","2.83","Low","2023-04-03","2026-09-12","Influenza A virus","2026-10-09 11:01"
"California","Yolo","ID:193","68000","WastewaterSCAN","10.04","High","2021-01-04","2026-09-12","SARS-CoV-2","2026-10-09 11:01"
"California","Yolo","ID:193","68000","WastewaterSCAN","1.0","Very Low","2023-04-03","2026-09-12","RSV","2026-10-09 11:01"
"California","Yolo","ID:194","59000","WastewaterSCAN","10.55","High","2022-06-10","2026-09-12","SARS-CoV-2","2026-10-09 11:01"
"California","Yolo","ID:194","59000","WastewaterSCAN","1.0","Very Low","2023-02-10","2026-09-12","RSV","2026-10-09 11:01"
"California","Yolo","ID:194","59000","WastewaterSCAN","1.0","Very Low","2023-02-10","2026-09-12","Influenza A virus","2026-10-09 11:01"
"California","Nevada","ID:2199","13754","CDC_Verily","10.48","High","2024-06-04","2026-09-12","SARS-CoV-2","2026-10-09 11:01"
"California","Nevada","ID:2199","13754","CDC_Verily","1.0","Very Low","2024-07-02","2026-09-12","RSV","2026-10-09 11:01"
"California","Nevada","ID:2199","13754","CDC_Verily","1.0","Very Low","2024-07-02","2026-09-12","Influenza A virus","2026-10-09 11:01"
"California","El Dorado","ID:2346","125000","CDC_Verily","8.76","High","2025-07-29","2026-09-12","SARS-CoV-2","2026-10-09 11:01"
"California","El Dorado","ID:2346","125000","CDC_Verily","1.0","Very Low","2025-08-26","2026-09-12","Influenza A virus","2026-10-09 11:01"
"California","El Dorado","ID:2346","125000","CDC_Verily","1.0","Very Low","2025-08-26","2026-09-12","RSV","2026-10-09 11:01"
"California","Santa Barbara","ID:2347","97000","CDC_Verily","1.0","Very Low","2023-06-26","2026-09-12","RSV","2026-10-09 11:01"
"California","Santa Barbara","ID:2347","97000","CDC_Verily","1.0","Very Low","2023-06-26","2026-09-12","Influenza A virus","2026-10-09 11:01"
"California","Santa Barbara","ID:2347","97000","CDC_Verily","12.21","Very High","2023-05-29","2026-09-12","SARS-CoV-2","2026-10-09 11:01"
"California","Placer","ID:2348","127000","CDC_Verily","8.24","High","2023-04-24","2026-09-12","SARS-CoV-2","2026-10-09 11:01"
"California","Placer","ID:2348","127000","CDC_Verily","1.0","Very Low","2023-05-22","2026-09-12","RSV","2026-10-09 11:01"
"California","Placer","ID:2348","127000","CDC_Verily","1.0","Very Low","2023-05-22","2026-09-12","Influenza A virus","2026-10-09 11:01"
"California","Solano","ID:2365","155000","CDC_Verily","5.25","Moderate","2024-11-03","2026-09-12","SARS-CoV-2","2026-10-09 11:01"
"California","Solano","ID:2365","155000","CDC_Verily","1.0","Very Low","2024-12-01","2026-09-12","RSV","2026-10-09 11:01"
"California","Solano","ID:2365","155000","CDC_Verily","1.0","Very Low","2024-12-01","2026-09-12","Influenza A virus","2026-10-09 11:01"
"California","Shasta","ID:2380","29000","State_Territory","2.1","Very Low","2023-11-07","2026-09-12","Influenza A virus","2026-10-09 11:01"
"California","Shasta","ID:2380","29000","State_Territory","1.0","Very Low","2023-11-07","2026-09-12","RSV","2026-10-09 11:01"
"California","Shasta","ID:2380","29000","State_Territory","6.76","Moderate","2023-10-10","2026-09-12","SARS-CoV-2","2026-10-09 11:01"
"California","Madera","ID:2453","60000","CDC_Verily","1.0","Very Low","2025-05-23","2026-09-12","RSV","2026-10-09 11:01"
"California","Madera","ID:2453","60000","CDC_Verily","4.57","Low","2025-04-25","2026-09-12","SARS-CoV-2","2026-10-09 11:01"
"California","Madera","ID:2453","60000","CDC_Verily","1.0","Very Low","2025-05-23","2026-09-12","Influenza A virus","2026-10-09 11:01"
"California","Alameda","ID:2571","342000","WastewaterSCAN","15.43","Very High","2025-05-14","2026-09-12","SARS-CoV-2","2026-10-09 11:01"
"California","Alameda","ID:2571","342000","WastewaterSCAN","4.29","Low","2025-06-11","2026-09-12","Influenza A virus","2026-10-09 11:01"
"California","Alameda","ID:2571","342000","WastewaterSCAN","1.0","Very Low","2025-06-11","2026-09-12","RSV","2026-10-09 11:01"
"California","Alameda","ID:2572","150000","WastewaterSCAN","1.0","Very Low","2025-06-25","2026-09-12","RSV","2026-10-09 11:01"
"California","Alameda","ID:2572","150000","WastewaterSCAN","2.87","Low","2025-06-25","2026-09-12","Influenza A virus","2026-10-09 11:01"
"California","Alameda","ID:2572","150000","WastewaterSCAN","19.2","Very High","2025-05-28","2026-09-12","SARS-CoV-2","2026-10-09 11:01"
"California","Alameda","ID:2573","160000","WastewaterSCAN","1.0","Very Low","2025-08-18","2026-09-12","Influenza A virus","2026-10-09 11:01"
"California","Alameda","ID:2573","160000","WastewaterSCAN","7.92","High","2025-07-21","2026-09-12","SARS-CoV-2","2026-10-09 11:01"
"California","Alameda","ID:2573","160000","WastewaterSCAN","1.0","Very Low","2025-08-18","2026-09-12","RSV","2026-10-09 11:01"
"California","Alameda","ID:2601","95000","WastewaterSCAN","1.0","Very Low","2025-12-15","2026-09-12","RSV","2026-10-09 11:01"
"California","Alameda","ID:2601","95000","WastewaterSCAN","1.0","Very Low","2025-12-15","2026-09-12","Influenza A virus","2026-10-09 11:01"
"California","Alameda","ID:2601","95000","WastewaterSCAN","15.65","Very High","2025-11-17","2026-09-12","SARS-CoV-2","2026-10-09 11:01"
"California","Alameda","ID:93","60000","CDC_Verily","1.0","Very Low","2022-12-06","2026-09-12","RSV","2026-10-09 11:01"
"California","Alameda","ID:93","60000","CDC_Verily","4.6","Low","2022-07-04","2026-09-12","SARS-CoV-2","2026-10-09 11:01"
"California","Alameda","ID:93","60000","CDC_Verily","1.0","Very Low","2022-12-06","2026-09-12","Influenza A virus","2026-10-09 11:01"
"California","Alameda, Contra Costa","ID:94","740000","State_Territory","7.99","High","2021-05-19","2026-09-12","SARS-CoV-2","2026-10-09 11:01"
"California","Alameda, Contra Costa","ID:94","740000","State_Territory","3.55","Low","2022-05-10","2026-09-12","Influenza A virus","2026-10-09 11:01"
"California","Alameda, Contra Costa","ID:94","740000","State_Territory","1.49","Very Low","2022-05-10","2026-09-12","RSV","2026-10-09 11:01"
"California","Butte","ID:95","44000","State_Territory","25.47","Very High","2023-09-04","2026-09-12","SARS-CoV-2","2026-10-09 11:01"
"California","Butte","ID:95","44000","State_Territory","1.0","Very Low","2023-10-02","2026-09-12","Influenza A virus","2026-10-09 11:01"
"California","Butte","ID:95","44000","State_Territory","1.0","Very Low","2023-10-02","2026-09-12","RSV","2026-10-09 11:01"
"California","Butte","ID:96","101299","State_Territory","1.0","Very Low","2023-11-14","2026-09-12","RSV","2026-10-09 11:01"
"California","Butte","ID:96","101299","State_Territory","13.82","Very High","2023-10-17","2026-09-12","SARS-CoV-2","2026-10-09 11:01"
"California","Butte","ID:96","101299","State_Territory","2.39","Very Low","2023-11-14","2026-09-12","Influenza A virus","2026-10-09 11:01"
"California","Contra Costa","ID:97","495000","CDC_Verily, State_Territory","2.76","Low","2022-05-30","2026-09-12","Influenza A virus","2026-10-09 11:01"
"California","Contra Costa","ID:97","495000","CDC_Verily, State_Territory","7.65","Moderate","2020-12-28","2026-09-12","SARS-CoV-2","2026-10-09 11:01"
"California","Contra Costa","ID:97","495000","CDC_Verily, State_Territory","1.19","Very Low","2022-05-30","2026-09-12","RSV","2026-10-09 11:01"
"California","Contra Costa","ID:98","218281","State_Territory","9.06","High","2022-06-20","2026-09-12","SARS-CoV-2","2026-10-09 11:01"
"California","Contra Costa","ID:98","218281","State_Territory","1.46","Very Low","2023-09-04","2026-09-12","Influenza A virus","2026-10-09 11:01"
"California","Contra Costa","ID:98","218281","State_Territory","1.0","Very Low","2023-09-04","2026-09-12","RSV","2026-10-09 11:01"
"California","Contra Costa","ID:99","102000","CDC_Verily","1.57","Very Low","2022-07-19","2026-09-12","Influenza A virus","2026-10-09 11:01"
"California","Contra Costa","ID:99","102000","CDC_Verily","6.5","Moderate","2022-06-21","2026-09-12","SARS-CoV-2","2026-10-09 11:01"
"California","Contra Costa","ID:99","102000","CDC_Verily","1.0","Very Low","2022-07-19","2026-09-12","RSV","2026-10-09 11:01"
"California","Lake","ID:111","13200","State_Territory","10.61","High","2022-03-21","2026-09-12","SARS-CoV-2","2026-10-09 11:01"
"California","Lake","ID:111","13200","State_Territory","1.0","Very Low","2023-05-11","2026-09-12","RSV","2026-10-09 11:01"
"California","Lake","ID:111","13200","State_Territory","4.08","Low","2023-03-02","2026-09-12","Influenza A virus","2026-10-09 11:01"
"California","Los Angeles","ID:112","200000","CDC_Verily","1.0","Very Low","2022-11-21","2026-09-12","Influenza A virus","2026-10-09 11:01"
"California","Los Angeles","ID:112","200000","CDC_Verily","7.77","Moderate","2022-07-04","2026-09-12","SARS-CoV-2","2026-10-09 11:01"
"California","Los Angeles","ID:112","200000","CDC_Verily","1.0","Very Low","2022-11-21","2026-09-12","RSV","2026-10-09 11:01"
"California","Los Angeles, Ventura","ID:113","4000000","State_Territory, WastewaterSCAN","15.05","Very High","2021-01-20","2026-09-12","SARS-CoV-2","2026-10-09 11:01"
"California","Los Angeles, Ventura","ID:113","4000000","State_Territory, WastewaterSCAN","2.99","Low","2022-11-06","2026-09-12","Influenza A virus","2026-10-09 11:01"
"California","Los Angeles, Ventura","ID:113","4000000","State_Territory, WastewaterSCAN","1.18","Very Low","2022-11-06","2026-09-12","RSV","2026-10-09 11:01"
"California","Los Angeles","ID:114","3500000","State_Territory, WastewaterSCAN","1.44","Very Low","2022-05-08","2026-09-12","Influenza A virus","2026-10-09 11:01"
"California","Los Angeles","ID:114","3500000","State_Territory, WastewaterSCAN","6.64","Moderate","2020-06-01","2026-09-12","SARS-CoV-2","2026-10-09 11:01"
"California","Los Angeles","ID:114","3500000","State_Territory, WastewaterSCAN","1.0","Very Low","2022-05-08","2026-09-12","RSV","2026-10-09 11:01"
"California","Los Angeles, Ventura","ID:115","75000","CDC_Verily","1.0","Very Low","2024-01-30","2026-09-12","Influenza A virus","2026-10-09 11:01"
"California","Los Angeles, Ventura","ID:115","75000","CDC_Verily","1.0","Very Low","2024-01-30","2026-09-12","RSV","2026-10-09 11:01"
"California","Los Angeles, Ventura","ID:115","75000","CDC_Verily","4.96","Moderate","2022-07-11","2026-09-12","SARS-CoV-2","2026-10-09 11:01"
"California","Marin","ID:118","104250","WastewaterSCAN","1.0","Very Low","2022-10-31","2026-09-12","RSV","2026-10-09 11:01"
"California","Marin","ID:118","104250","WastewaterSCAN","9.15","High","2022-10-03","2026-09-12","SARS-CoV-2","2026-10-09 11:01"
"California","Marin","ID:118","104250","WastewaterSCAN","1.0","Very Low","2022-10-31","2026-09-12","Influenza A virus","2026-10-09 11:01"
"California","Marin","ID:120","30000","CDC_Verily","1.0","Very Low","2022-10-17","2026-09-12","RSV","2026-10-09 11:01"
"California","Marin","ID:120","30000","CDC_Verily","13.01","Very High","2022-09-19","2026-09-12","SARS-CoV-2","2026-10-09 11:01"
"California","Marin","ID:120","30000","CDC_Verily","1.0","Very Low","2022-10-17","2026-09-12","Influenza A virus","2026-10-09 11:01"
"California","Marin","ID:121","53000","WastewaterSCAN","1.0","Very Low","2022-08-29","2026-09-12","RSV","2026-10-09 11:01"
"California","Marin","ID:121","53000","WastewaterSCAN","14.64","Very High","2022-08-01","2026-09-12","SARS-CoV-2","2026-10-09 11:01"
"California","Marin","ID:121","53000","WastewaterSCAN","2.09","Very Low","2022-08-29","2026-09-12","Influenza A virus","2026-10-09 11:01"
"California","Merced","ID:125","91000","WastewaterSCAN","1.0","Very Low","2023-02-10","2026-09-12","RSV","2026-10-09 11:01"
"California","Merced","ID:125","91000","WastewaterSCAN","1.0","Very Low","2023-02-10","2026-09-12","Influenza A virus","2026-10-09 11:01"
"California","Merced","ID:125","91000","WastewaterSCAN","31.1","Very High","2021-12-01","2026-09-12","SARS-CoV-2","2026-10-09 11:01"
"California","Mono","ID:126","8200","CDC_Verily","1.0","Very Low","2023-05-24","2026-09-12","RSV","2026-10-09 11:01"
"California","Mono","ID:126","8200","CDC_Verily","1.55","Very Low","2023-05-24","2026-09-12","Influenza A virus","2026-10-09 11:01"
"California","Mono","ID:126","8200","CDC_Verily","5.33","Moderate","2023-04-26","2026-09-12","SARS-CoV-2","2026-10-09 11:01"
"California","Monterey","ID:127","262000","WastewaterSCAN","1.99","Very Low","2023-02-05","2026-09-12","Influenza A virus","2026-10-09 11:01"
"California","Monterey","ID:127","262000","WastewaterSCAN","1.0","Very Low","2023-02-05","2026-09-12","RSV","2026-10-09 11:01"
"California","Monterey","ID:127","262000","WastewaterSCAN","14.45","Very High","2022-09-10","2026-09-12","SARS-CoV-2","2026-10-09 11:01"
"California","Napa","ID:129","20256","State_Territory","1.0","Very Low","2023-03-13","2026-09-12","Influenza A virus","2026-10-09 11:01"
"California","Napa","ID:129","20256","State_Territory","1.0","Very Low","2023-05-15","2026-09-12","RSV","2026-10-09 11:01"
"California","Napa","ID:129","20256","State_Territory","11.99","Very High","2022-12-19","2026-09-12","SARS-CoV-2","2026-10-09 11:01"
"California","Napa","ID:130","83300","WastewaterSCAN","1.61","Very Low","2022-12-05","2026-09-12","Influenza A virus","2026-10-09 11:01"
"California","Napa","ID:130","83300","WastewaterSCAN","11.61","Very High","2022-11-07","2026-09-12","SARS-CoV-2","2026-10-09 11:01"
"California","Napa","ID:130","83300","WastewaterSCAN","1.0","Very Low","2022-12-05","2026-09-12","RSV","2026-10-09 11:01"
"California","El Dorado, Nevada, Placer","ID:131","50000","State_Territory","6.94","Moderate","2024-02-25","2026-09-12","SARS-CoV-2","2026-10-09 11:01"
"California","El Dorado, Nevada, Placer","ID:131","50000","State_Territory","2.74","Low","2024-03-24","2026-09-12","Influenza A virus","2026-10-09 11:01"
"California","El Dorado, Nevada, Placer","ID:131","50000","State_Territory","1.49","Very Low","2024-03-24","2026-09-12","RSV","2026-10-09 11:01"
"California","Orange","ID:135","1800000","State_Territory","1.32","Very Low","2023-05-14","2026-09-12","RSV","2026-10-09 11:01"
"California","Orange","ID:135","1800000","State_Territory","1.59","Very Low","2023-03-12","2026-09-12","Influenza A virus","2026-10-09 11:01"
"California","Orange","ID:135","1800000","State_Territory","6.72","Moderate","2021-01-20","2026-09-12","SARS-CoV-2","2026-10-09 11:01"
"California","Placer","ID:136","108444","State_Territory","5.44","Moderate","2023-10-31","2026-09-12","SARS-CoV-2","2026-10-09 11:01"
"California","Placer","ID:136","108444","State_Territory","1.47","Very Low","2023-11-28","2026-09-12","Influenza A virus","2026-10-09 11:01"
"California","Placer","ID:136","108444","State_Territory","1.0","Very Low","2023-11-28","2026-09-12","RSV","2026-10-09 11:01"
"California","Plumas","ID:137","4217","State_Territory","1.0","Very Low","2023-03-14","2026-09-12","Influenza A virus","2026-10-09 11:01"
"California","Plumas","ID:137","4217","State_Territory","1.0","Very Low","2023-05-16","2026-09-12","RSV","2026-10-09 11:01"
"California","Plumas","ID:137","4217","State_Territory","16.46","Very High","2022-10-18","2026-09-12","SARS-CoV-2","2026-10-09 11:01"
"California","Riverside","ID:138","350000","WastewaterSCAN","1.0","Very Low","2023-04-05","2026-09-12","Influenza A virus","2026-10-09 11:01"
"California","Riverside","ID:138","350000","WastewaterSCAN","18.17","Very High","2023-03-08","2026-09-12","SARS-CoV-2","2026-10-09 11:01"
"California","Riverside","ID:138","350000","WastewaterSCAN","1.0","Very Low","2023-04-05","2026-09-12","RSV","2026-10-09 11:01"
"California","Riverside","ID:139","91765","WastewaterSCAN","5.76","Moderate","2022-06-05","2026-09-12","SARS-CoV-2","2026-10-09 11:01"
"California","Riverside","ID:139","91765","WastewaterSCAN","1.0","Very Low","2022-11-02","2026-09-12","Influenza A virus","2026-10-09 11:01"
"California","Riverside","ID:139","91765","WastewaterSCAN","1.0","Very Low","2022-11-02","2026-09-12","RSV","2026-10-09 11:01"
"California","Sacramento","ID:140","1480000","WastewaterSCAN","1.0","Very Low","2023-04-30","2026-09-12","RSV","2026-10-09 11:01"
"California","Sacramento","ID:140","1480000","WastewaterSCAN","16.25","Very High","2020-11-24","2026-09-12","SARS-CoV-2","2026-10-09 11:01"
"California","Sacramento","ID:140","1480000","WastewaterSCAN","3.87","Low","2023-04-30","2026-09-12","Influenza A virus","2026-10-09 11:01"
"California","San Bernardino","ID:143","890000","WastewaterSCAN","2.05","Very Low","2022-07-04","2026-09-12","Influenza A virus","2026-10-09 11:01"
"California","San Bernardino","ID:143","890000","WastewaterSCAN","1.0","Very Low","2022-07-04","2026-09-12","RSV","2026-10-09 11:01"
"California","San Bernardino","ID:143","890000","WastewaterSCAN","13.45","Very High","2022-06-06","2026-09-12","SARS-CoV-2","2026-10-09 11:01"
"California","San Bernardino","ID:144","325000","State_Territory","1.0","Very Low","2023-02-21","2026-09-12","Influenza A virus","2026-10-09 11:01"
"California","San Bernardino","ID:144","325000","State_Territory","1.74","Low","2023-05-15","2026-09-12","RSV","2026-10-09 11:01"
"California","San Bernardino","ID:144","325000","State_Territory","14.77","Very High","2021-10-25","2026-09-12","SARS-CoV-2","2026-10-09 11:01"
"California","San Diego","ID:145","2200000","State_Territory, WastewaterSCAN","1.0","Very Low","2022-10-16","2026-09-12","RSV","2026-10-09 11:01"
"California","San Diego","ID:145","2200000","State_Territory, WastewaterSCAN","4.99","Moderate","2021-01-18","2026-09-12","SARS-CoV-2","2026-10-09 11:01"
"California","San Diego","ID:145","2200000","State_Territory, WastewaterSCAN","2.1","Very Low","2022-10-16","2026-09-12","Influenza A virus","2026-10-09 11:01"
"California","San Francisco, San Mateo","ID:147","250000","WastewaterSCAN","2.07","Low","2023-05-01","2026-09-12","RSV","2026-10-09 11:01"
"California","San Francisco, San Mateo","ID:147","250000","WastewaterSCAN","19.62","Very High","2020-11-17","2026-09-12","SARS-CoV-2","2026-10-09 11:01"
"California","San Francisco, San Mateo","ID:147","250000","WastewaterSCAN","3.85","Low","2023-03-08","2026-09-12","Influenza A virus","2026-10-09 11:01"
"California","San Francisco, San Mateo","ID:148","750000","State_Territory, WastewaterSCAN","1.39","Very Low","2023-05-01","2026-09-12","RSV","2026-10-09 11:01"
"California","San Francisco, San Mateo","ID:148","750000","State_Territory, WastewaterSCAN","6.84","Moderate","2020-11-17","2026-09-12","SARS-CoV-2","2026-10-09 11:01"
"California","San Francisco, San Mateo","ID:148","750000","State_Territory, WastewaterSCAN","4.55","Low","2023-03-08","2026-09-12","Influenza A virus","2026-10-09 11:01"
"California","San Joaquin","ID:155","68000","CDC_Verily","1.0","Very Low","2024-10-08","2026-09-12","RSV","2026-10-09 11:01"
"California","San Joaquin","ID:155","68000","CDC_Verily","9.71","High","2023-03-06","2026-09-12","SARS-CoV-2","2026-10-09 11:01"
"California","San Joaquin","ID:155","68000","CDC_Verily","1.0","Very Low","2024-10-08","2026-09-12","Influenza A virus","2026-10-09 11:01"
"California","San Joaquin","ID:157","29000","CDC_Verily","1.0","Very Low","2024-12-17","2026-09-12","RSV","2026-10-09 11:01"
"California","San Joaquin","ID:157","29000","CDC_Verily","2.35","Very Low","2024-12-17","2026-09-12","Influenza A virus","2026-10-09 11:01"
"California","San Joaquin","ID:157","29000","CDC_Verily","10.4","High","2023-02-28","2026-09-12","SARS-CoV-2","2026-10-09 11:01"
"California","San Luis Obispo","ID:160","6031","CDC_Verily","1.0","Very Low","2024-03-12","2026-09-12","RSV","2026-10-09 11:01"
"California","San Luis Obispo","ID:160","6031","CDC_Verily","17.1","Very High","2022-11-23","2026-09-12","SARS-CoV-2","2026-10-09 11:01"
"California","San Luis Obispo","ID:160","6031","CDC_Verily","1.0","Very Low","2024-03-12","2026-09-12","Influenza A virus","2026-10-09 11:01"
"California","San Luis Obispo","ID:161","15000","CDC_Verily","1.0","Very Low","2024-05-21","2026-09-12","RSV","2026-10-09 11:01"
"California","San Luis Obispo","ID:161","15000","CDC_Verily","2.86","Low","2023-01-18","2026-09-12","SARS-CoV-2","2026-10-09 11:01"
"California","San Luis Obispo","ID:161","15000","CDC_Verily","1.0","Very Low","2024-05-21","2026-09-12","Influenza A virus","2026-10-09 11:01"
"California","San Luis Obispo","ID:162","14465","CDC_Verily","5.78","Moderate","2024-02-15","2026-09-12","Influenza A virus","2026-10-09 11:01"
"California","San Luis Obispo","ID:162","14465","CDC_Verily","8.65","High","2022-11-07","2026-09-12","SARS-CoV-2","2026-10-09 11:01"
"California","San Luis Obispo","ID:162","14465","CDC_Verily","1.0","Very Low","2024-02-15","2026-09-12","RSV","2026-10-09 11:01"
"California","San Luis Obispo","ID:164","31037","WastewaterSCAN","7.17","Moderate","2022-02-22","2026-09-12","SARS-CoV-2","2026-10-09 11:01"
"California","San Luis Obispo","ID:164","31037","WastewaterSCAN","1.0","Very Low","2022-05-09","2026-09-12","RSV","2026-10-09 11:01"
"California","San Luis Obispo","ID:164","31037","WastewaterSCAN","1.58","Very Low","2022-05-09","2026-09-12","Influenza A virus","2026-10-09 11:01"
"California","San Luis Obispo","ID:165","47545","State_Territory","13.63","Very High","2022-07-26","2026-09-12","SARS-CoV-2","2026-10-09 11:01"
"California","San Luis Obispo","ID:165","47545","State_Territory","2.56","Low","2023-10-16","2026-09-12","RSV","2026-10-09 11:01"
"California","San Luis Obispo","ID:165","47545","State_Territory","2.98","Low","2023-10-16","2026-09-12","Influenza A virus","2026-10-09 11:01"
"California","San Luis Obispo","ID:166","39000","CDC_Verily","6.62","Moderate","2022-06-13","2026-09-12","SARS-CoV-2","2026-10-09 11:01"
"California","San Luis Obispo","ID:166","39000","CDC_Verily","1.0","Very Low","2024-02-13","2026-09-12","RSV","2026-10-09 11:01"
"California","San Luis Obispo","ID:166","39000","CDC_Verily","1.32","Very Low","2024-02-13","2026-09-12","Influenza A virus","2026-10-09 11:01"
"California","San Mateo","ID:168","150000","CDC_Verily","1.0","Very Low","2022-09-14","2026-09-12","RSV","2026-10-09 11:01"
"California","San Mateo","ID:168","150000","CDC_Verily","1.46","Very Low","2022-09-14","2026-09-12","Influenza A virus","2026-10-09 11:01"
"California","San Mateo","ID:168","150000","CDC_Verily","6.05","Moderate","2022-08-17","2026-09-12","SARS-CoV-2","2026-10-09 11:01"
"California","San Mateo","ID:169","27000","CDC_Verily","1.54","Very Low","2022-07-06","2026-09-12","Influenza A virus","2026-10-09 11:01"
"California","San Mateo","ID:169","27000","CDC_Verily","5.93","Moderate","2022-06-08","2026-09-12","SARS-CoV-2","2026-10-09 11:01"
"California","San Mateo","ID:169","27000","CDC_Verily","1.0","Very Low","2022-07-06","2026-09-12","RSV","2026-10-09 11:01"
"California","San Mateo","ID:170","199000","WastewaterSCAN","17.12","Very High","2020-11-25","2026-09-12","SARS-CoV-2","2026-10-09 11:01"
"California","San Mateo","ID:170","199000","WastewaterSCAN","3.4","Low","2023-05-01","2026-09-12","Influenza A virus","2026-10-09 11:01"
"California","San Mateo","ID:170","199000","WastewaterSCAN","1.43","Very Low","2023-05-01","2026-09-12","RSV","2026-10-09 11:01"
"California","Santa Barbara","ID:171","69290","WastewaterSCAN","1.0","Very Low","2022-10-10","2026-09-12","RSV","2026-10-09 11:01"
"California","Santa Barbara","ID:171","69290","WastewaterSCAN","3.39","Low","2022-10-10","2026-09-12","Influenza A virus","2026-10-09 11:01"
"California","Santa Barbara","ID:171","69290","WastewaterSCAN","18.52","Very High","2022-09-12","2026-09-12","SARS-CoV-2","2026-10-09 11:01"
"California","Santa Barbara","ID:172","77600","State_Territory","10.21","High","2023-08-21","2026-09-12","SARS-CoV-2","2026-10-09 11:01"
"California","Santa Barbara","ID:172","77600","State_Territory","3.35","Low","2023-09-18","2026-09-12","RSV","2026-10-09 11:01"
"California","Santa Barbara","ID:172","77600","State_Territory","3.38","Low","2023-09-18","2026-09-12","Influenza A virus","2026-10-09 11:01"
"California","Santa Clara","ID:173","153000","WastewaterSCAN","1.0","Very Low","2023-05-01","2026-09-12","RSV","2026-10-09 11:01"
"California","Santa Clara","ID:173","153000","WastewaterSCAN","16.88","Very High","2021-01-11","2026-09-12","SARS-CoV-2","2026-10-09 11:01"
"California","Santa Clara","ID:173","153000","WastewaterSCAN","3.69","Low","2023-05-01","2026-09-12","Influenza A virus","2026-10-09 11:01"
"California","Santa Clara","ID:174","110338","WastewaterSCAN","2.13","Very Low","2023-05-01","2026-09-12","Influenza A virus","2026-10-09 11:01"
"California","Santa Clara","ID:174","110338","WastewaterSCAN","1.26","Very Low","2023-05-01","2026-09-12","RSV","2026-10-09 11:01"
"California","Santa Clara","ID:174","110338","WastewaterSCAN","23.65","Very High","2021-01-11","2026-09-12","SARS-CoV-2","2026-10-09 11:01"
"California","Santa Clara","ID:175","236000","WastewaterSCAN","10.42","High","2020-11-13","2026-09-12","SARS-CoV-2","2026-10-09 11:01"
"California","Santa Clara","ID:175","236000","WastewaterSCAN","3.07","Low","2023-04-30","2026-09-12","Influenza A virus","2026-10-09 11:01"
"California","Santa Clara","ID:175","236000","WastewaterSCAN","1.0","Very Low","2023-04-30","2026-09-12","RSV","2026-10-09 11:01"
"California","Santa Clara","ID:176","1500000","WastewaterSCAN","1.17","Very Low","2023-04-30","2026-09-12","RSV","2026-10-09 11:01"
"California","Santa Clara","ID:176","1500000","WastewaterSCAN","4.82","Low","2023-04-30","2026-09-12","Influenza A virus","2026-10-09 11:01"
"California","Santa Clara","ID:176","1500000","WastewaterSCAN","15.37","Very High","2020-04-29","2026-09-12","SARS-CoV-2","2026-10-09 11:01"
"California","Santa Cruz","ID:177","164000","CDC_Verily","1.0","Very Low","2024-05-19","2026-09-12","Influenza A virus","2026-10-09 11:01"
"California","Santa Cruz","ID:177","164000","CDC_Verily","1.0","Very Low","2024-05-19","2026-09-12","RSV","2026-10-09 11:01"
"California","Santa Cruz","ID:177","164000","CDC_Verily","4.24","Low","2022-06-28","2026-09-12","SARS-CoV-2","2026-10-09 11:01"
"California","Santa Cruz","ID:178","94000","CDC_Verily","1.0","Very Low","2022-06-12","2026-09-12","RSV","2026-10-09 11:01"
"California","Del Norte","ID:100","15372","State_Territory","1.71","Very Low","2023-12-13","2026-09-12","Influenza A virus","2026-10-09 11:01"
"California","Del Norte","ID:100","15372","State_Territory","1.0","Very Low","2023-12-13","2026-09-12","RSV","2026-10-09 11:01"
"California","Del Norte","ID:100","15372","State_Territory","14.49","Very High","2023-11-15","2026-09-12","SARS-CoV-2","2026-10-09 11:01"
"California","El Dorado","ID:101","30000","CDC_Verily","1.0","Very Low","2024-04-08","2026-09-12","RSV","2026-10-09 11:01"
"California","El Dorado","ID:101","30000","CDC_Verily","1.31","Very Low","2024-04-08","2026-09-12","Influenza A virus","2026-10-09 11:01"
"California","El Dorado","ID:101","30000","CDC_Verily","3.07","Low","2022-08-02","2026-09-12","SARS-CoV-2","2026-10-09 11:01"
"California","Humboldt","ID:103","45000","State_Territory","3.83","Low","2023-10-08","2026-09-12","Influenza A virus","2026-10-09 11:01"
"California","Humboldt","ID:103","45000","State_Territory","9.6","High","2022-06-28","2026-09-12","SARS-CoV-2","2026-10-09 11:01"
"California","Humboldt","ID:103","45000","State_Territory","1.51","Very Low","2023-10-08","2026-09-12","RSV","2026-10-09 11:01"
"California","Kern","ID:106","168750","State_Territory","3.46","Low","2023-02-21","2026-09-12","Influenza A virus","2026-10-09 11:01"
"California","Kern","ID:106","168750","State_Territory","1.0","Very Low","2023-05-16","2026-09-12","RSV","2026-10-09 11:01"
"California","Kern","ID:106","168750","State_Territory","30.17","Very High","2021-10-20","2026-09-12","SARS-CoV-2","2026-10-09 11:01"
"California","Kings","ID:108","56000","State_Territory","1.0","Very Low","2023-04-25","2026-09-12","Influenza A virus","2026-10-09 11:01"
"California","Kings","ID:108","56000","State_Territory","1.0","Very Low","2023-04-25","2026-09-12","RSV","2026-10-09 11:01"
"California","Kings","ID:108","56000","State_Territory","13.36","Very High","2022-07-19","2026-09-12","SARS-CoV-2","2026-10-09 11:01"
"California","Santa Clara","ID:173","153000","WastewaterSCAN","3.27","Low","2023-05-01","2026-09-05","Influenza A virus","2026-10-09 11:01"
"California","Santa Clara","ID:173","153000","WastewaterSCAN","10.99","High","2021-01-11","2026-09-05","SARS-CoV-2","2026-10-09 11:01"
"California","Santa Clara","ID:174","110338","WastewaterSCAN","23.85","Very High","2021-01-11","2026-09-05","SARS-CoV-2","2026-10-09 11:01"
"California","Santa Clara","ID:174","110338","WastewaterSCAN","1.0","Very Low","2023-05-01","2026-09-05","RSV","2026-10-09 11:01"
"California","Santa Clara","ID:174","110338","WastewaterSCAN","1.0","Very Low","2023-05-01","2026-09-05","Influenza A virus","2026-10-09 11:01"
"California","Santa Clara","ID:175","236000","WastewaterSCAN","3.88","Low","2023-04-30","2026-09-05","Influenza A virus","2026-10-09 11:01"
"California","Santa Clara","ID:175","236000","WastewaterSCAN","14.97","Very High","2020-11-13","2026-09-05","SARS-CoV-2","2026-10-09 11:01"
"California","Santa Clara","ID:175","236000","WastewaterSCAN","1.7","Very Low","2023-04-30","2026-09-05","RSV","2026-10-09 11:01"
"California","Santa Clara","ID:176","1500000","WastewaterSCAN","9.57","High","2020-04-29","2026-09-05","SARS-CoV-2","2026-10-09 11:01"
"California","Santa Clara","ID:176","1500000","WastewaterSCAN","1.41","Very Low","2023-04-30","2026-09-05","RSV","2026-10-09 11:01"
"California","Santa Clara","ID:176","1500000","WastewaterSCAN","2.98","Low","2023-04-30","2026-09-05","Influenza A virus","2026-10-09 11:01"
"California","Santa Cruz","ID:177","164000","CDC_Verily","1.0","Very Low","2024-05-19","2026-09-05","RSV","2026-10-09 11:01"
"California","Santa Cruz","ID:177","164000","CDC_Verily","4.64","Low","2022-06-28","2026-09-05","SARS-CoV-2","2026-10-09 11:01"
"California","Santa Cruz","ID:177","164000","CDC_Verily","1.0","Very Low","2024-05-19","2026-09-05","Influenza A virus","2026-10-09 11:01"
"California","Santa Cruz","ID:178","94000","CDC_Verily","3.19","Low","2022-05-15","2026-09-05","SARS-CoV-2","2026-10-09 11:01"
"California","Santa Cruz","ID:178","94000","CDC_Verily","1.0","Very Low","2022-06-12","2026-09-05","RSV","2026-10-09 11:01"
"California","Santa Cruz","ID:178","94000","CDC_Verily","1.0","Very Low","2022-06-12","2026-09-05","Influenza A virus","2026-10-09 11:01"
"California","Santa Cruz","ID:179","160000","WastewaterSCAN","15.27","Very High","2022-05-15","2026-09-05","SARS-CoV-2","2026-10-09 11:01"
"California","Santa Cruz","ID:179","160000","WastewaterSCAN","1.0","Very Low","2022-06-12","2026-09-05","RSV","2026-10-09 11:01"
"California","Santa Cruz","ID:179","160000","WastewaterSCAN","1.0","Very Low","2022-06-12","2026-09-05","Influenza A virus","2026-10-09 11:01"
"California","Monterey, Santa Cruz","ID:180","60000","CDC_Verily","1.0","Very Low","2023-02-16","2026-09-05","Influenza A virus","2026-10-09 11:01"
"California","Monterey, Santa Cruz","ID:180","60000","CDC_Verily","8.83","High","2022-06-29","2026-09-05","SARS-CoV-2","2026-10-09 11:01"
"California","Monterey, Santa Cruz","ID:180","60000","CDC_Verily","1.0","Very Low","2023-02-16","2026-09-05","RSV","2026-10-09 11:01"
"California","Shasta","ID:182","60000","State_Territory","1.98","Very Low","2023-10-30","2026-09-05","Influenza A virus","2026-10-09 11:01"
"California","Shasta","ID:182","60000","State_Territory","1.0","Very Low","2023-10-30","2026-09-05","RSV","2026-10-09 11:01"
"California","Shasta","ID:182","60000","State_Territory","6.2","Moderate","2023-10-02","2026-09-05","SARS-CoV-2","2026-10-09 11:01"
"California","Solano","ID:183","121000","WastewaterSCAN","1.52","Very Low","2022-11-29","2026-09-05","Influenza A virus","2026-10-09 11:01"
"California","Solano","ID:183","121000","WastewaterSCAN","15.86","Very High","2022-11-01","2026-09-05","SARS-CoV-2","2026-10-09 11:01"
"California","Solano","ID:183","121000","WastewaterSCAN","1.0","Very Low","2022-11-29","2026-09-05","RSV","2026-10-09 11:01"
"California","Sonoma","ID:184","230000","WastewaterSCAN","1.0","Very Low","2022-10-20","2026-09-05","Influenza A virus","2026-10-09 11:01"
"California","Sonoma","ID:184","230000","WastewaterSCAN","1.0","Very Low","2022-10-20","2026-09-05","RSV","2026-10-09 11:01"
"California","Sonoma","ID:184","230000","WastewaterSCAN","6.87","Moderate","2022-06-19","2026-09-05","SARS-CoV-2","2026-10-09 11:01"
"California","Sonoma","ID:186","28000","CDC_Verily","1.85","Very Low","2023-02-24","2026-09-05","Influenza A virus","2026-10-09 11:01"
"California","Sonoma","ID:186","28000","CDC_Verily","1.0","Very Low","2023-02-24","2026-09-05","RSV","2026-10-09 11:01"
"California","Sonoma","ID:186","28000","CDC_Verily","19.99","Very High","2023-01-27","2026-09-05","SARS-CoV-2","2026-10-09 11:01"
"California","Stanislaus","ID:187","230000","CDC_Verily","1.0","Very Low","2023-02-13","2026-09-05","Influenza A virus","2026-10-09 11:01"
"California","Stanislaus","ID:187","230000","CDC_Verily","19.87","Very High","2021-12-01","2026-09-05","SARS-CoV-2","2026-10-09 11:01"
"California","Stanislaus","ID:187","230000","CDC_Verily","1.0","Very Low","2023-02-13","2026-09-05","RSV","2026-10-09 11:01"
"California","Stanislaus","ID:188","86000","WastewaterSCAN","1.0","Very Low","2023-02-10","2026-09-05","Influenza A virus","2026-10-09 11:01"
"California","Stanislaus","ID:188","86000","WastewaterSCAN","1.0","Very Low","2023-02-10","2026-09-05","RSV","2026-10-09 11:01"
"California","Stanislaus","ID:188","86000","WastewaterSCAN","9.37","High","2022-06-10","2026-09-05","SARS-CoV-2","2026-10-09 11:01"
"California","Sutter","ID:189","70000","State_Territory","1.25","Very Low","2023-02-08","2026-09-05","RSV","2026-10-09 11:01"
"California","Sutter","ID:189","70000","State_Territory","1.44","Very Low","2023-02-08","2026-09-05","Influenza A virus","2026-10-09 11:01"
"California","Sutter","ID:189","70000","State_Territory","7.73","Moderate","2023-01-11","2026-09-05","SARS-CoV-2","2026-10-09 11:01"
"California","Ventura","ID:190","250000","CDC_Verily, State_Territory","9.24","High","2021-05-05","2026-09-05","SARS-CoV-2","2026-10-09 11:01"
"California","Ventura","ID:190","250000","CDC_Verily, State_Territory","1.26","Very Low","2023-04-04","2026-09-05","RSV","2026-10-09 11:01"
"California","Ventura","ID:190","250000","CDC_Verily, State_Territory","1.56","Very Low","2023-04-04","2026-09-05","Influenza A virus","2026-10-09 11:01"
"California","Yolo","ID:193","68000","WastewaterSCAN","10.24","High","2021-01-04","2026-09-05","SARS-CoV-2","2026-10-09 11:01"
"California","Yolo","ID:193","68000","WastewaterSCAN","1.0","Very Low","2023-04-03","2026-09-05","RSV","2026-10-09 11:01"
"California","Yolo","ID:193","68000","WastewaterSCAN","1.63","Very Low","2023-04-03","2026-09-05","Influenza A virus","2026-10-09 11:01"
"California","Yolo","ID:194","59000","WastewaterSCAN","15.8","Very High","2022-06-10","2026-09-05","SARS-CoV-2","2026-10-09 11:01"
"California","Yolo","ID:194","59000","WastewaterSCAN","2.88","Low","2023-02-10","2026-09-05","RSV","2026-10-09 11:01"
"California","Yolo","ID:194","59000","WastewaterSCAN","1.0","Very Low","2023-02-10","2026-09-05","Influenza A virus","2026-10-09 11:01"
"California","Nevada","ID:2199","13754","CDC_Verily","8.79","Moderate","2024-07-02","2026-09-05","Influenza A virus","2026-10-09 11:01"
"California","Nevada","ID:2199","13754","CDC_Verily","6.56","Moderate","2024-06-04","2026-09-05","SARS-CoV-2","2026-10-09 11:01"
"California","Nevada","ID:2199","13754","CDC_Verily","1.0","Very Low","2024-07-02","2026-09-05","RSV","2026-10-09 11:01"
"California","El Dorado","ID:2346","125000","CDC_Verily","7.66","Moderate","2025-07-29","2026-09-05","SARS-CoV-2","2026-10-09 11:01"
"California","El Dorado","ID:2346","125000","CDC_Verily","1.0","Very Low","2025-08-26","2026-09-05","Influenza A virus","2026-10-09 11:01"
"California","El Dorado","ID:2346","125000","CDC_Verily","1.0","Very Low","2025-08-26","2026-09-05","RSV","2026-10-09 11:01"
"California","Santa Barbara","ID:2347","97000","CDC_Verily","1.0","Very Low","2023-06-26","2026-09-05","RSV","2026-10-09 11:01"
"California","Santa Barbara","ID:2347","97000","CDC_Verily","9.28","High","2023-05-29","2026-09-05","SARS-CoV-2","2026-10-09 11:01"
"California","Santa Barbara","ID:2347","97000","CDC_Verily","1.0","Very Low","2023-06-26","2026-09-05","Influenza A virus","2026-10-09 11:01"
"California","Placer","ID:2348","127000","CDC_Verily","11.57","High","2023-04-24","2026-09-05","SARS-CoV-2","2026-10-09 11:01"
"California","Placer","ID:2348","127000","CDC_Verily","1.0","Very Low","2023-05-22","2026-09-05","RSV","2026-10-09 11:01"
"California","Placer","ID:2348","127000","CDC_Verily","1.0","Very Low","2023-05-22","2026-09-05","Influenza A virus","2026-10-09 11:01"
"California","Solano","ID:2365","155000","CDC_Verily","11.62","Very High","2024-11-03","2026-09-05","SARS-CoV-2","2026-10-09 11:01"
"California","Solano","ID:2365","155000","CDC_Verily","1.0","Very Low","2024-12-01","2026-09-05","Influenza A virus","2026-10-09 11:01"
"California","Solano","ID:2365","155000","CDC_Verily","1.0","Very Low","2024-12-01","2026-09-05","RSV","2026-10-09 11:01"
"California","Shasta","ID:2380","29000","State_Territory","5.22","Moderate","2023-11-07","2026-09-05","RSV","2026-10-09 11:01"
"California","Shasta","ID:2380","29000","State_Territory","1.0","Very Low","2023-11-07","2026-09-05","Influenza A virus","2026-10-09 11:01"
"California","Shasta","ID:2380","29000","State_Territory","10.51","High","2023-10-10","2026-09-05","SARS-CoV-2","2026-10-09 11:01"
"California","Madera","ID:2453","60000","CDC_Verily","3.78","Low","2025-04-25","2026-09-05","SARS-CoV-2","2026-10-09 11:01"
"California","Madera","ID:2453","60000","CDC_Verily","1.0","Very Low","2025-05-23","2026-09-05","Influenza A virus","2026-10-09 11:01"
"California","Madera","ID:2453","60000","CDC_Verily","1.0","Very Low","2025-05-23","2026-09-05","RSV","2026-10-09 11:01"
"California","Alameda","ID:2571","342000","WastewaterSCAN","10.08","High","2025-05-14","2026-09-05","SARS-CoV-2","2026-10-09 11:01"
"California","Alameda","ID:2571","342000","WastewaterSCAN","1.0","Very Low","2025-06-11","2026-09-05","Influenza A virus","2026-10-09 11:01"
"California","Alameda","ID:2571","342000","WastewaterSCAN","1.0","Very Low","2025-06-11","2026-09-05","RSV","2026-10-09 11:01"
"California","Alameda","ID:2572","150000","WastewaterSCAN","5.88","Moderate","2025-06-25","2026-09-05","Influenza A virus","2026-10-09 11:01"
"California","Alameda","ID:2572","150000","WastewaterSCAN","1.0","Very Low","2025-06-25","2026-09-05","RSV","2026-10-09 11:01"
"California","Alameda","ID:2572","150000","WastewaterSCAN","19.81","Very High","2025-05-28","2026-09-05","SARS-CoV-2","2026-10-09 11:01"
"California","Alameda","ID:2573","160000","WastewaterSCAN","15.65","Very High","2025-07-21","2026-09-05","SARS-CoV-2","2026-10-09 11:01"
"California","Alameda","ID:2573","160000","WastewaterSCAN","4.93","Low","2025-08-18","2026-09-05","Influenza A virus","2026-10-09 11:01"
"California","Alameda","ID:2573","160000","WastewaterSCAN","1.0","Very Low","2025-08-18","2026-09-05","RSV","2026-10-09 11:01"
"California","Alameda","ID:2601","95000","WastewaterSCAN","11.44","High","2025-11-17","2026-09-05","SARS-CoV-2","2026-10-09 11:01"
"California","Alameda","ID:2601","95000","WastewaterSCAN","1.0","Very Low","2025-12-15","2026-09-05","RSV","2026-10-09 11:01"
"California","Alameda","ID:2601","95000","WastewaterSCAN","1.0","Very Low","2025-12-15","2026-09-05","Influenza A virus","2026-10-09 11:01"
"California","Alameda","ID:93","60000","CDC_Verily","2.31","Very Low","2022-12-06","2026-09-05","Influenza A virus","2026-10-09 11:01"
"California","Alameda","ID:93","60000","CDC_Verily","1.0","Very Low","2022-12-06","2026-09-05","RSV","2026-10-09 11:01"
"California","Alameda","ID:93","60000","CDC_Verily","10.67","High","2022-07-04","2026-09-05","SARS-CoV-2","2026-10-09 11:01"
"California","Alameda, Contra Costa","ID:94","740000","State_Territory","4.36","Low","2022-05-10","2026-09-05","Influenza A virus","2026-10-09 11:01"
"California","Alameda, Contra Costa","ID:94","740000","State_Territory","11.35","High","2021-05-19","2026-09-05","SARS-CoV-2","2026-10-09 11:01"
"California","Alameda, Contra Costa","ID:94","740000","State_Territory","1.55","Very Low","2022-05-10","2026-09-05","RSV","2026-10-09 11:01"
"California","Butte","ID:95","44000","State_Territory","1.0","Very Low","2023-10-02","2026-09-05","RSV","2026-10-09 11:01"
"California","Butte","ID:95","44000","State_Territory","16.53","Very High","2023-09-04","2026-09-05","SARS-CoV-2","2026-10-09 11:01"
"California","Butte","ID:95","44000","State_Territory","1.0","Very Low","2023-10-02","2026-09-05","Influenza A virus","2026-10-09 11:01"
"California","Butte","ID:96","101299","State_Territory","2.05","Very Low","2023-11-14","2026-09-05","Influenza A virus","2026-10-09 11:01"
"California","Butte","ID:96","101299","State_Territory","19.16","Very High","2023-10-17","2026-09-05","SARS-CoV-2","2026-10-09 11:01"
"California","Butte","ID:96","101299","State_Territory","1.0","Very Low","2023-11-14","2026-09-05","RSV","2026-10-09 11:01"
"California","Contra Costa","ID:97","495000","CDC_Verily, State_Territory","6.58","Moderate","2020-12-28","2026-09-05","SARS-CoV-2","2026-10-09 11:01"
"California","Contra Costa","ID:97","495000","CDC_Verily, State_Territory","1.15","Very Low","2022-05-30","2026-09-05","RSV","2026-10-09 11:01"
"California","Contra Costa","ID:97","495000","CDC_Verily, State_Territory","1.59","Very Low","2022-05-30","2026-09-05","Influenza A virus","2026-10-09 11:01"
"California","Contra Costa","ID:98","218281","State_Territory","9.05","High","2022-06-20","2026-09-05","SARS-CoV-2","2026-10-09 11:01"
"California","Contra Costa","ID:98","218281","State_Territory","1.0","Very Low","2023-09-04","2026-09-05","RSV","2026-10-09 11:01"
"California","Contra Costa","ID:98","218281","State_Territory","1.0","Very Low","2023-09-04","2026-09-05","Influenza A virus","2026-10-09 11:01"
"California","Contra Costa","ID:99","102000","CDC_Verily","1.0","Very Low","2022-07-19","2026-09-05","Influenza A virus","2026-10-09 11:01"
"California","Contra Costa","ID:99","102000","CDC_Verily","1.0","Very Low","2022-07-19","2026-09-05","RSV","2026-10-09 11:01"
"California","Contra Costa","ID:99","102000","CDC_Verily","8.78","High","2022-06-21","2026-09-05","SARS-CoV-2","2026-10-09 11:01"
"California","Fresno","ID:102","650000","State_Territory","1.0","Very Low","2023-03-05","2026-09-05","Influenza A virus","2026-10-09 11:01"
"California","Fresno","ID:102","650000","State_Territory","34.45","Very High","2021-12-29","2026-09-05","SARS-CoV-2","2026-10-09 11:01"
"California","Fresno","ID:102","650000","State_Territory","1.0","Very Low","2023-05-14","2026-09-05","RSV","2026-10-09 11:01"
"California","Humboldt","ID:103","45000","State_Territory","7.24","Moderate","2022-06-28","2026-09-05","SARS-CoV-2","2026-10-09 11:01"
"California","Humboldt","ID:103","45000","State_Territory","1.0","Very Low","2023-10-08","2026-09-05","RSV","2026-10-09 11:01"
"California","Humboldt","ID:103","45000","State_Territory","2.44","Low","2023-10-08","2026-09-05","Influenza A virus","2026-10-09 11:01"
"California","Kern","ID:106","168750","State_Territory","3.26","Low","2023-02-21","2026-09-05","Influenza A virus","2026-10-09 11:01"
"California","Kern","ID:106","168750","State_Territory","1.0","Very Low","2023-05-16","2026-09-05","RSV","2026-10-09 11:01"
"California","Kern","ID:106","168750","State_Territory","10.93","High","2021-10-20","2026-09-05","SARS-CoV-2","2026-10-09 11:01"
"California","Kings","ID:108","56000","State_Territory","1.0","Very Low","2023-04-25","2026-09-05","RSV","2026-10-09 11:01"
"California","Kings","ID:108","56000","State_Territory","1.0","Very Low","2023-04-25","2026-09-05","Influenza A virus","2026-10-09 11:01"
"California","Kings","ID:108","56000","State_Territory","16.23","Very High","2022-07-19","2026-09-05","SARS-CoV-2","2026-10-09 11:01"
"California","Lake","ID:111","13200","State_Territory","3.2","Low","2023-03-02","2026-09-05","Influenza A virus","2026-10-09 11:01"
"California","Lake","ID:111","13200","State_Territory","10.91","High","2022-03-21","2026-09-05","SARS-CoV-2","2026-10-09 11:01"
"California","Lake","ID:111","13200","State_Territory","1.0","Very Low","2023-05-11","2026-09-05","RSV","2026-10-09 11:01"
"California","Los Angeles","ID:112","200000","CDC_Verily","1.0","Very Low","2022-11-21","2026-09-05","RSV","2026-10-09 11:01"
"California","Los Angeles","ID:112","200000","CDC_Verily","10.77","High","2022-07-04","2026-09-05","SARS-CoV-2","2026-10-09 11:01"
"California","Los Angeles","ID:112","200000","CDC_Verily","1.0","Very Low","2022-11-21","2026-09-05","Influenza A virus","2026-10-09 11:01"
"California","Los Angeles, Ventura","ID:113","4000000","State_Territory, WastewaterSCAN","1.0","Very Low","2022-11-06","2026-09-05","RSV","2026-10-09 11:01"
"California","Los Angeles, Ventura","ID:113","4000000","State_Territory, WastewaterSCAN","1.6","Very Low","2022-11-06","2026-09-05","Influenza A virus","2026-10-09 11:01"
"California","Los Angeles, Ventura","ID:113","4000000","State_Territory, WastewaterSCAN","13.19","Very High","2021-01-20","2026-09-05","SARS-CoV-2","2026-10-09 11:01"
"California","Los Angeles","ID:114","3500000","State_Territory, WastewaterSCAN","1.0","Very Low","2022-05-08","2026-09-05","RSV","2026-10-09 11:01"
"California","Los Angeles","ID:114","3500000","State_Territory, WastewaterSCAN","1.32","Very Low","2022-05-08","2026-09-05","Influenza A virus","2026-10-09 11:01"
"California","Los Angeles","ID:114","3500000","State_Territory, WastewaterSCAN","7.56","Moderate","2020-06-01","2026-09-05","SARS-CoV-2","2026-10-09 11:01"
"California","Los Angeles, Ventura","ID:115","75000","CDC_Verily","1.0","Very Low","2024-01-30","2026-09-05","RSV","2026-10-09 11:01"
"California","Los Angeles, Ventura","ID:115","75000","CDC_Verily","3.71","Low","2022-07-11","2026-09-05","SARS-CoV-2","2026-10-09 11:01"
"California","Los Angeles, Ventura","ID:115","75000","CDC_Verily","1.0","Very Low","2024-01-30","2026-09-05","Influenza A virus","2026-10-09 11:01"
"California","Marin","ID:118","104250","WastewaterSCAN","1.0","Very Low","2022-10-31","2026-09-05","RSV","2026-10-09 11:01"
"California","Marin","ID:118","104250","WastewaterSCAN","16.46","Very High","2022-10-03","2026-09-05","SARS-CoV-2","2026-10-09 11:01"
"California","Marin","ID:118","104250","WastewaterSCAN","1.88","Very Low","2022-10-31","2026-09-05","Influenza A virus","2026-10-09 11:01"
"California","Marin","ID:120","30000","CDC_Verily","1.0","Very Low","2022-10-17","2026-09-05","Influenza A virus","2026-10-09 11:01"
"California","Marin","ID:120","30000","CDC_Verily","1.0","Very Low","2022-10-17","2026-09-05","RSV","2026-10-09 11:01"
"California","Marin","ID:120","30000","CDC_Verily","11.73","Very High","2022-09-19","2026-09-05","SARS-CoV-2","2026-10-09 11:01"
"California","Marin","ID:121","53000","WastewaterSCAN","10.58","High","2022-08-01","2026-09-05","SARS-CoV-2","2026-10-09 11:01"
"California","Marin","ID:121","53000","WastewaterSCAN","1.0","Very Low","2022-08-29","2026-09-05","RSV","2026-10-09 11:01"
"California","Marin","ID:121","53000","WastewaterSCAN","1.52","Very Low","2022-08-29","2026-09-05","Influenza A virus","2026-10-09 11:01"
"California","Merced","ID:125","91000","WastewaterSCAN","1.0","Very Low","2023-02-10","2026-09-05","RSV","2026-10-09 11:01"
"California","Merced","ID:125","91000","WastewaterSCAN","1.0","Very Low","2023-02-10","2026-09-05","Influenza A virus","2026-10-09 11:01"
"California","Merced","ID:125","91000","WastewaterSCAN","20.44","Very High","2021-12-01","2026-09-05","SARS-CoV-2","2026-10-09 11:01"
"California","Mono","ID:126","8200","CDC_Verily","1.0","Very Low","2023-05-24","2026-09-05","RSV","2026-10-09 11:01"
"California","Mono","ID:126","8200","CDC_Verily","1.0","Very Low","2023-05-24","2026-09-05","Influenza A virus","2026-10-09 11:01"
"California","Mono","ID:126","8200","CDC_Verily","2.12","Very Low","2023-04-26","2026-09-05","SARS-CoV-2","2026-10-09 11:01"
"California","Monterey","ID:127","262000","WastewaterSCAN","2.86","Low","2023-02-05","2026-09-05","Influenza A virus","2026-10-09 11:01"
"California","Monterey","ID:127","262000","WastewaterSCAN","1.0","Very Low","2023-02-05","2026-09-05","RSV","2026-10-09 11:01"
"California","Monterey","ID:127","262000","WastewaterSCAN","16.54","Very High","2022-09-10","2026-09-05","SARS-CoV-2","2026-10-09 11:01"
"California","Monterey","ID:128","16000","CDC_Verily","1.0","Very Low","2024-01-30","2026-09-05","Influenza A virus","2026-10-09 11:01"
"California","Monterey","ID:128","16000","CDC_Verily","3.57","Low","2023-05-22","2026-09-05","SARS-CoV-2","2026-10-09 11:01"
"California","Monterey","ID:128","16000","CDC_Verily","1.0","Very Low","2024-01-30","2026-09-05","RSV","2026-10-09 11:01"
"California","Napa","ID:129","20256","State_Territory","9.62","High","2022-12-19","2026-09-05","SARS-CoV-2","2026-10-09 11:01"
"California","Napa","ID:129","20256","State_Territory","3.16","Low","2023-03-13","2026-09-05","Influenza A virus","2026-10-09 11:01"
"California","Napa","ID:129","20256","State_Territory","1.0","Very Low","2023-05-15","2026-09-05","RSV","2026-10-09 11:01"
"California","Napa","ID:130","83300","WastewaterSCAN","1.0","Very Low","2022-12-05","2026-09-05","RSV","2026-10-09 11:01"
"California","Napa","ID:130","83300","WastewaterSCAN","1.0","Very Low","2022-12-05","2026-09-05","Influenza A virus","2026-10-09 11:01"
"California","Napa","ID:130","83300","WastewaterSCAN","12.59","Very High","2022-11-07","2026-09-05","SARS-CoV-2","2026-10-09 11:01"
"California","El Dorado, Nevada, Placer","ID:131","50000","State_Territory","1.57","Very Low","2024-03-24","2026-09-05","RSV","2026-10-09 11:01"
"California","El Dorado, Nevada, Placer","ID:131","50000","State_Territory","5.39","Moderate","2024-02-25","2026-09-05","SARS-CoV-2","2026-10-09 11:01"
"California","El Dorado, Nevada, Placer","ID:131","50000","State_Territory","2.41","Low","2024-03-24","2026-09-05","Influenza A virus","2026-10-09 11:01"
"California","Orange","ID:135","1800000","State_Territory","1.0","Very Low","2023-03-12","2026-09-05","Influenza A virus","2026-10-09 11:01"
"California","Orange","ID:135","1800000","State_Territory","9.41","High","2021-01-20","2026-09-05","SARS-CoV-2","2026-10-09 11:01"
"California","Orange","ID:135","1800000","State_Territory","1.33","Very Low","2023-05-14","2026-09-05","RSV","2026-10-09 11:01"
"California","Placer","ID:136","108444","State_Territory","10.72","High","2023-10-31","2026-09-05","SARS-CoV-2","2026-10-09 11:01"
"California","Placer","ID:136","108444","State_Territory","1.0","Very Low","2023-11-28","2026-09-05","RSV","2026-10-09 11:01"
"California","Placer","ID:136","108444","State_Territory","2.39","Very Low","2023-11-28","2026-09-05","Influenza A virus","2026-10-09 11:01"
"California","Plumas","ID:137","4217","State_Territory","1.0","Very Low","2023-03-14","2026-09-05","Influenza A virus","2026-10-09 11:01"
"California","Plumas","ID:137","4217","State_Territory","14.69","Very High","2022-10-18","2026-09-05","SARS-CoV-2","2026-10-09 11:01"
"California","Plumas","ID:137","4217","State_Territory","1.0","Very Low","2023-05-16","2026-09-05","RSV","2026-10-09 11:01"
"California","Riverside","ID:138","350000","WastewaterSCAN","14.64","Very High","2023-03-08","2026-09-05","SARS-CoV-2","2026-10-09 11:01"
"California","Riverside","ID:138","350000","WastewaterSCAN","1.0","Very Low","2023-04-05","2026-09-05","Influenza A virus","2026-10-09 11:01"
"California","Riverside","ID:138","350000","WastewaterSCAN","1.0","Very Low","2023-04-05","2026-09-05","RSV","2026-10-09 11:01"
"California","Riverside","ID:139","91765","WastewaterSCAN","11.24","High","2022-06-05","2026-09-05","SARS-CoV-2","2026-10-09 11:01"
"California","Riverside","ID:139","91765","WastewaterSCAN","1.0","Very Low","2022-11-02","2026-09-05","Influenza A virus","2026-10-09 11:01"
"California","Riverside","ID:139","91765","WastewaterSCAN","1.0","Very Low","2022-11-02","2026-09-05","RSV","2026-10-09 11:01"
"California","Sacramento","ID:140","1480000","WastewaterSCAN","17.05","Very High","2020-11-24","2026-09-05","SARS-CoV-2","2026-10-09 11:01"
"California","Sacramento","ID:140","1480000","WastewaterSCAN","1.67","Very Low","2023-04-30","2026-09-05","Influenza A virus","2026-10-09 11:01"
"California","Sacramento","ID:140","1480000","WastewaterSCAN","1.24","Very Low","2023-04-30","2026-09-05","RSV","2026-10-09 11:01"
"California","San Bernardino","ID:143","890000","WastewaterSCAN","1.51","Very Low","2022-07-04","2026-09-05","Influenza A virus","2026-10-09 11:01"
"California","San Bernardino","ID:143","890000","WastewaterSCAN","11.32","High","2022-06-06","2026-09-05","SARS-CoV-2","2026-10-09 11:01"
"California","San Bernardino","ID:143","890000","WastewaterSCAN","1.0","Very Low","2022-07-04","2026-09-05","RSV","2026-10-09 11:01"
"California","San Bernardino","ID:144","325000","State_Territory","12.65","Very High","2021-10-25","2026-09-05","SARS-CoV-2","2026-10-09 11:01"
"California","San Bernardino","ID:144","325000","State_Territory","1.0","Very Low","2023-02-21","2026-09-05","Influenza A virus","2026-10-09 11:01"
"California","San Bernardino","ID:144","325000","State_Territory","1.24","Very Low","2023-05-15","2026-09-05","RSV","2026-10-09 11:01"
"California","San Diego","ID:145","2200000","State_Territory, WastewaterSCAN","1.0","Very Low","2022-10-16","2026-09-05","Influenza A virus","2026-10-09 11:01"
"California","San Diego","ID:145","2200000","State_Territory, WastewaterSCAN","1.26","Very Low","2022-10-16","2026-09-05","RSV","2026-10-09 11:01"
"California","San Diego","ID:145","2200000","State_Territory, WastewaterSCAN","10.55","High","2021-01-18","2026-09-05","SARS-CoV-2","2026-10-09 11:01"
"California","San Francisco, San Mateo","ID:147","250000","WastewaterSCAN","3.98","Low","2023-03-08","2026-09-05","Influenza A virus","2026-10-09 11:01"
"California","San Francisco, San Mateo","ID:147","250000","WastewaterSCAN","1.34","Very Low","2023-05-01","2026-09-05","RSV","2026-10-09 11:01"
"California","San Francisco, San Mateo","ID:147","250000","WastewaterSCAN","15.41","Very High","2020-11-17","2026-09-05","SARS-CoV-2","2026-10-09 11:01"
"California","San Francisco, San Mateo","ID:148","750000","State_Territory, WastewaterSCAN","4.77","Low","2023-03-08","2026-09-05","Influenza A virus","2026-10-09 11:01"
"California","San Francisco, San Mateo","ID:148","750000","State_Territory, WastewaterSCAN","1.53","Very Low","2023-05-01","2026-09-05","RSV","2026-10-09 11:01"
"California","San Francisco, San Mateo","ID:148","750000","State_Territory, WastewaterSCAN","8.34","High","2020-11-17","2026-09-05","SARS-CoV-2","2026-10-09 11:01"
"California","San Joaquin","ID:155","68000","CDC_Verily","1.0","Very Low","2024-10-08","2026-09-05","Influenza A virus","2026-10-09 11:01"
"California","San Joaquin","ID:155","68000","CDC_Verily","8.06","High","2023-03-06","2026-09-05","SARS-CoV-2","2026-10-09 11:01"
"California","San Joaquin","ID:155","68000","CDC_Verily","1.0","Very Low","2024-10-08","2026-09-05","RSV","2026-10-09 11:01"
"California","San Joaquin","ID:157","29000","CDC_Verily","13.48","Very High","2023-02-28","2026-09-05","SARS-CoV-2","2026-10-09 11:01"
"California","San Joaquin","ID:157","29000","CDC_Verily","3.3","Low","2024-12-17","2026-09-05","Influenza A virus","2026-10-09 11:01"
"California","San Joaquin","ID:157","29000","CDC_Verily","1.0","Very Low","2024-12-17","2026-09-05","RSV","2026-10-09 11:01"
"California","San Luis Obispo","ID:160","6031","CDC_Verily","2.98","Low","2024-03-12","2026-09-05","Influenza A virus","2026-10-09 11:01"
"California","San Luis Obispo","ID:160","6031","CDC_Verily","1.0","Very Low","2024-03-12","2026-09-05","RSV","2026-10-09 11:01"
"California","San Luis Obispo","ID:160","6031","CDC_Verily","13.23","Very High","2022-11-23","2026-09-05","SARS-CoV-2","2026-10-09 11:01"
"California","San Luis Obispo","ID:161","15000","CDC_Verily","1.0","Very Low","2024-05-21","2026-09-05","RSV","2026-10-09 11:01"
"California","San Luis Obispo","ID:161","15000","CDC_Verily","1.0","Very Low","2024-05-21","2026-09-05","Influenza A virus","2026-10-09 11:01"
"California","San Luis Obispo","ID:161","15000","CDC_Verily","7.24","Moderate","2023-01-18","2026-09-05","SARS-CoV-2","2026-10-09 11:01"
"California","San Luis Obispo","ID:162","14465","CDC_Verily","6.32","Moderate","2022-11-07","2026-09-05","SARS-CoV-2","2026-10-09 11:01"
"California","San Luis Obispo","ID:162","14465","CDC_Verily","1.0","Very Low","2024-02-15","2026-09-05","Influenza A virus","2026-10-09 11:01"
"California","San Luis Obispo","ID:162","14465","CDC_Verily","1.0","Very Low","2024-02-15","2026-09-05","RSV","2026-10-09 11:01"
"California","San Luis Obispo","ID:164","31037","WastewaterSCAN","1.0","Very Low","2022-05-09","2026-09-05","RSV","2026-10-09 11:01"
"California","San Luis Obispo","ID:164","31037","WastewaterSCAN","6.86","Moderate","2022-02-22","2026-09-05","SARS-CoV-2","2026-10-09 11:01"
"California","San Luis Obispo","ID:164","31037","WastewaterSCAN","1.0","Very Low","2022-05-09","2026-09-05","Influenza A virus","2026-10-09 11:01"
"California","San Luis Obispo","ID:165","47545","State_Territory","13.46","Very High","2022-07-26","2026-09-05","SARS-CoV-2","2026-10-09 11:01"
"California","San Luis Obispo","ID:165","47545","State_Territory","4.03","Low","2023-10-16","2026-09-05","Influenza A virus","2026-10-09 11:01"
"California","San Luis Obispo","ID:165","47545","State_Territory","1.59","Very Low","2023-10-16","2026-09-05","RSV","2026-10-09 11:01"
"California","San Luis Obispo","ID:166","39000","CDC_Verily","1.0","Very Low","2024-02-13","2026-09-05","RSV","2026-10-09 11:01"
"California","San Luis Obispo","ID:166","39000","CDC_Verily","1.75","Very Low","2024-02-13","2026-09-05","Influenza A virus","2026-10-09 11:01"
"California","San Luis Obispo","ID:166","39000","CDC_Verily","6.73","Moderate","2022-06-13","2026-09-05","SARS-CoV-2","2026-10-09 11:01"
"California","San Mateo","ID:168","150000","CDC_Verily","1.54","Very Low","2022-09-14","2026-09-05","RSV","2026-10-09 11:01"
"California","San Mateo","ID:168","150000","CDC_Verily","10.77","High","2022-08-17","2026-09-05","SARS-CoV-2","2026-10-09 11:01"
"California","San Mateo","ID:168","150000","CDC_Verily","2.11","Very Low","2022-09-14","2026-09-05","Influenza A virus","2026-10-09 11:01"
"California","San Mateo","ID:169","27000","CDC_Verily","7.63","Moderate","2022-06-08","2026-09-05","SARS-CoV-2","2026-10-09 11:01"
"California","San Mateo","ID:169","27000","CDC_Verily","4.37","Low","2022-07-06","2026-09-05","Influenza A virus","2026-10-09 11:01"
"California","San Mateo","ID:169","27000","CDC_Verily","1.0","Very Low","2022-07-06","2026-09-05","RSV","2026-10-09 11:01"
"California","San Mateo","ID:170","199000","WastewaterSCAN","7.86","Moderate","2020-11-25","2026-09-05","SARS-CoV-2","2026-10-09 11:01"
"California","San Mateo","ID:170","199000","WastewaterSCAN","2.8","Low","2023-05-01","2026-09-05","Influenza A virus","2026-10-09 11:01"
"California","San Mateo","ID:170","199000","WastewaterSCAN","1.34","Very Low","2023-05-01","2026-09-05","RSV","2026-10-09 11:01"
"California","Santa Barbara","ID:171","69290","WastewaterSCAN","21.8","Very High","2022-09-12","2026-09-05","SARS-CoV-2","2026-10-09 11:01"
"California","Santa Barbara","ID:171","69290","WastewaterSCAN","1.0","Very Low","2022-10-10","2026-09-05","Influenza A virus","2026-10-09 11:01"
"California","Santa Barbara","ID:171","69290","WastewaterSCAN","1.0","Very Low","2022-10-10","2026-09-05","RSV","2026-10-09 11:01"
"California","Santa Barbara","ID:172","77600","State_Territory","2.82","Low","2023-09-18","2026-09-05","RSV","2026-10-09 11:01"
"California","Santa Barbara","ID:172","77600","State_Territory","1.0","Very Low","2023-09-18","2026-09-05","Influenza A virus","2026-10-09 11:01"
"California","Santa Barbara","ID:172","77600","State_Territory","8.86","High","2023-08-21","2026-09-05","SARS-CoV-2","2026-10-09 11:01"
"California","Santa Clara","ID:173","153000","WastewaterSCAN","2.09","Low","2023-05-01","2026-09-05","RSV","2026-10-09 11:01"
"California","Del Norte","ID:100","15372","State_Territory","1.0","Very Low","2023-12-13","2026-09-05","RSV","2026-10-09 11:01"
"California","Del Norte","ID:100","15372","State_Territory","14.34","Very High","2023-11-15","2026-09-05","SARS-CoV-2","2026-10-09 11:01"
"California","Del Norte","ID:100","15372","State_Territory","1.0","Very Low","2023-12-13","2026-09-05","Influenza A virus","2026-10-09 11:01"
"California","El Dorado","ID:101","30000","CDC_Verily","1.97","Very Low","2024-04-08","2026-09-05","Influenza A virus","2026-10-09 11:01"
"California","El Dorado","ID:101","30000","CDC_Verily","1.0","Very Low","2024-04-08","2026-09-05","RSV","2026-10-09 11:01"
"California","El Dorado","ID:101","30000","CDC_Verily","4.61","Low","2022-08-02","2026-09-05","SARS-CoV-2","2026-10-09 11:01"
"California","Santa Clara","ID:176","1500000","WastewaterSCAN","1.34","Very Low","2023-04-30","2026-08-29","RSV","2026-10-09 11:01"
"California","Santa Clara","ID:176","1500000","WastewaterSCAN","2.18","Very Low","2023-04-30","2026-08-29","Influenza A virus","2026-10-09 11:01"
"California","Santa Cruz","ID:177","164000","CDC_Verily","1.0","Very Low","2024-05-19","2026-08-29","Influenza A virus","2026-10-09 11:01"
"California","Santa Cruz","ID:177","164000","CDC_Verily","6.52","Moderate","2022-06-28","2026-08-29","SARS-CoV-2","2026-10-09 11:01"
"California","Santa Cruz","ID:177","164000","CDC_Verily","1.0","Very Low","2024-05-19","2026-08-29","RSV","2026-10-09 11:01"
"California","Santa Cruz","ID:178","94000","CDC_Verily","1.0","Very Low","2022-06-12","2026-08-29","Influenza A virus","2026-10-09 11:01"
"California","Santa Cruz","ID:178","94000","CDC_Verily","1.0","Very Low","2022-06-12","2026-08-29","RSV","2026-10-09 11:01"
"California","Santa Cruz","ID:178","94000","CDC_Verily","3.15","Low","2022-05-15","2026-08-29","SARS-CoV-2","2026-10-09 11:01"
"California","Santa Cruz","ID:179","160000","WastewaterSCAN","16.38","Very High","2022-05-15","2026-08-29","SARS-CoV-2","2026-10-09 11:01"
"California","Santa Cruz","ID:179","160000","WastewaterSCAN","1.0","Very Low","2022-06-12","2026-08-29","Influenza A virus","2026-10-09 11:01"
"California","Santa Cruz","ID:179","160000","WastewaterSCAN","3.14","Low","2022-06-12","2026-08-29","RSV","2026-10-09 11:01"
"California","Shasta","ID:182","60000","State_Territory","1.0","Very Low","2023-10-30","2026-08-29","Influenza A virus","2026-10-09 11:01"
"California","Shasta","ID:182","60000","State_Territory","2.11","Low","2023-10-30","2026-08-29","RSV","2026-10-09 11:01"
"California","Shasta","ID:182","60000","State_Territory","4.16","Low","2023-10-02","2026-08-29","SARS-CoV-2","2026-10-09 11:01"
"California","Solano","ID:183","121000","WastewaterSCAN","1.0","Very Low","2022-11-29","2026-08-29","RSV","2026-10-09 11:01"
"California","Solano","ID:183","121000","WastewaterSCAN","1.0","Very Low","2022-11-29","2026-08-29","Influenza A virus","2026-10-09 11:01"
"California","Solano","ID:183","121000","WastewaterSCAN","27.14","Very High","2022-11-01","2026-08-29","SARS-CoV-2","2026-10-09 11:01"
"California","Sonoma","ID:184","230000","WastewaterSCAN","4.23","Low","2022-06-19","2026-08-29","SARS-CoV-2","2026-10-09 11:01"
"California","Sonoma","ID:184","230000","WastewaterSCAN","1.28","Very Low","2022-10-20","2026-08-29","Influenza A virus","2026-10-09 11:01"
"California","Sonoma","ID:184","230000","WastewaterSCAN","1.0","Very Low","2022-10-20","2026-08-29","RSV","2026-10-09 11:01"
"California","Sonoma","ID:186","28000","CDC_Verily","1.0","Very Low","2023-02-24","2026-08-29","RSV","2026-10-09 11:01"
"California","Sonoma","ID:186","28000","CDC_Verily","1.85","Very Low","2023-02-24","2026-08-29","Influenza A virus","2026-10-09 11:01"
"California","Sonoma","ID:186","28000","CDC_Verily","14.07","Very High","2023-01-27","2026-08-29","SARS-CoV-2","2026-10-09 11:01"
"California","Stanislaus","ID:187","230000","CDC_Verily","17.1","Very High","2021-12-01","2026-08-29","SARS-CoV-2","2026-10-09 11:01"
"California","Stanislaus","ID:187","230000","CDC_Verily","1.0","Very Low","2023-02-13","2026-08-29","RSV","2026-10-09 11:01"
"California","Stanislaus","ID:187","230000","CDC_Verily","1.0","Very Low","2023-02-13","2026-08-29","Influenza A virus","2026-10-09 11:01"
"California","Stanislaus","ID:188","86000","WastewaterSCAN","11.24","High","2022-06-10","2026-08-29","SARS-CoV-2","2026-10-09 11:01"
"California","Stanislaus","ID:188","86000","WastewaterSCAN","1.0","Very Low","2023-02-10","2026-08-29","Influenza A virus","2026-10-09 11:01"
"California","Stanislaus","ID:188","86000","WastewaterSCAN","1.0","Very Low","2023-02-10","2026-08-29","RSV","2026-10-09 11:01"
"California","Sutter","ID:189","70000","State_Territory","1.0","Very Low","2023-02-08","2026-08-29","RSV","2026-10-09 11:01"
"California","Sutter","ID:189","70000","State_Territory","5.34","Moderate","2023-01-11","2026-08-29","SARS-CoV-2","2026-10-09 11:01"
"California","Sutter","ID:189","70000","State_Territory","1.35","Very Low","2023-02-08","2026-08-29","Influenza A virus","2026-10-09 11:01"
"California","Ventura","ID:190","250000","CDC_Verily, State_Territory","1.36","Very Low","2023-04-04","2026-08-29","RSV","2026-10-09 11:01"
"California","Ventura","ID:190","250000","CDC_Verily, State_Territory","8.17","High","2021-05-05","2026-08-29","SARS-CoV-2","2026-10-09 11:01"
"California","Ventura","ID:190","250000","CDC_Verily, State_Territory","1.0","Very Low","2023-04-04","2026-08-29","Influenza A virus","2026-10-09 11:01"
"California","Yolo","ID:193","68000","WastewaterSCAN","1.0","Very Low","2023-04-03","2026-08-29","RSV","2026-10-09 11:01"
"California","Yolo","ID:193","68000","WastewaterSCAN","1.37","Very Low","2023-04-03","2026-08-29","Influenza A virus","2026-10-09 11:01"
"California","Yolo","ID:193","68000","WastewaterSCAN","8.65","High","2021-01-04","2026-08-29","SARS-CoV-2","2026-10-09 11:01"
"California","Yolo","ID:194","59000","WastewaterSCAN","1.0","Very Low","2023-02-10","2026-08-29","Influenza A virus","2026-10-09 11:01"
"California","Yolo","ID:194","59000","WastewaterSCAN","11.09","High","2022-06-10","2026-08-29","SARS-CoV-2","2026-10-09 11:01"
"California","Yolo","ID:194","59000","WastewaterSCAN","1.0","Very Low","2023-02-10","2026-08-29","RSV","2026-10-09 11:01"
"California","Nevada","ID:2199","13754","CDC_Verily","1.0","Very Low","2024-07-02","2026-08-29","Influenza A virus","2026-10-09 11:01"
"California","Nevada","ID:2199","13754","CDC_Verily","1.0","Very Low","2024-07-02","2026-08-29","RSV","2026-10-09 11:01"
"California","Nevada","ID:2199","13754","CDC_Verily","8.73","High","2024-06-04","2026-08-29","SARS-CoV-2","2026-10-09 11:01"
"California","El Dorado","ID:2346","125000","CDC_Verily","1.0","Very Low","2025-08-26","2026-08-29","RSV","2026-10-09 11:01"
"California","El Dorado","ID:2346","125000","CDC_Verily","8.4","High","2025-07-29","2026-08-29","SARS-CoV-2","2026-10-09 11:01"
"California","El Dorado","ID:2346","125000","CDC_Verily","1.0","Very Low","2025-08-26","2026-08-29","Influenza A virus","2026-10-09 11:01"
"California","Santa Barbara","ID:2347","97000","CDC_Verily","1.0","Very Low","2023-06-26","2026-08-29","Influenza A virus","2026-10-09 11:01"
"California","Santa Barbara","ID:2347","97000","CDC_Verily","9.14","High","2023-05-29","2026-08-29","SARS-CoV-2","2026-10-09 11:01"
"California","Santa Barbara","ID:2347","97000","CDC_Verily","3.45","Moderate","2023-06-26","2026-08-29","RSV","2026-10-09 11:01"
"California","Placer","ID:2348","127000","CDC_Verily","4.6","Low","2023-04-24","2026-08-29","SARS-CoV-2","2026-10-09 11:01"
"California","Placer","ID:2348","127000","CDC_Verily","1.0","Very Low","2023-05-22","2026-08-29","Influenza A virus","2026-10-09 11:01"
"California","Placer","ID:2348","127000","CDC_Verily","1.0","Very Low","2023-05-22","2026-08-29","RSV","2026-10-09 11:01"
"California","Solano","ID:2365","155000","CDC_Verily","1.0","Very Low","2024-12-01","2026-08-29","Influenza A virus","2026-10-09 11:01"
"California","Solano","ID:2365","155000","CDC_Verily","12.02","Very High","2024-11-03","2026-08-29","SARS-CoV-2","2026-10-09 11:01"
"California","Solano","ID:2365","155000","CDC_Verily","1.0","Very Low","2024-12-01","2026-08-29","RSV","2026-10-09 11:01"
"California","Shasta","ID:2380","29000","State_Territory","1.0","Very Low","2023-11-07","2026-08-29","RSV","2026-10-09 11:01"
"California","Shasta","ID:2380","29000","State_Territory","1.0","Very Low","2023-11-07","2026-08-29","Influenza A virus","2026-10-09 11:01"
"California","Shasta","ID:2380","29000","State_Territory","8.24","High","2023-10-10","2026-08-29","SARS-CoV-2","2026-10-09 11:01"
"California","Madera","ID:2453","60000","CDC_Verily","1.0","Very Low","2025-05-23","2026-08-29","RSV","2026-10-09 11:01"
"California","Madera","ID:2453","60000","CDC_Verily","1.0","Very Low","2025-05-23","2026-08-29","Influenza A virus","2026-10-09 11:01"
"California","Madera","ID:2453","60000","CDC_Verily","6.55","Moderate","2025-04-25","2026-08-29","SARS-CoV-2","2026-10-09 11:01"
"California","Alameda","ID:2571","342000","WastewaterSCAN","2.91","Low","2025-06-11","2026-08-29","RSV","2026-10-09 11:01"
"California","Alameda","ID:2571","342000","WastewaterSCAN","14.38","Very High","2025-05-14","2026-08-29","SARS-CoV-2","2026-10-09 11:01"
"California","Alameda","ID:2571","342000","WastewaterSCAN","5.13","Low","2025-06-11","2026-08-29","Influenza A virus","2026-10-09 11:01"
"California","Alameda","ID:2572","150000","WastewaterSCAN","1.0","Very Low","2025-06-25","2026-08-29","RSV","2026-10-09 11:01"
"California","Alameda","ID:2572","150000","WastewaterSCAN","5.59","Moderate","2025-06-25","2026-08-29","Influenza A virus","2026-10-09 11:01"
"California","Alameda","ID:2572","150000","WastewaterSCAN","23.8","Very High","2025-05-28","2026-08-29","SARS-CoV-2","2026-10-09 11:01"
"California","Alameda","ID:2573","160000","WastewaterSCAN","14.95","Very High","2025-07-21","2026-08-29","SARS-CoV-2","2026-10-09 11:01"
"California","Alameda","ID:2573","160000","WastewaterSCAN","1.0","Very Low","2025-08-18","2026-08-29","RSV","2026-10-09 11:01"
"California","Alameda","ID:2573","160000","WastewaterSCAN","1.0","Very Low","2025-08-18","2026-08-29","Influenza A virus","2026-10-09 11:01"
"California","Alameda","ID:2601","95000","WastewaterSCAN","1.0","Very Low","2025-12-15","2026-08-29","Influenza A virus","2026-10-09 11:01"
"California","Alameda","ID:2601","95000","WastewaterSCAN","14.67","Very High","2025-11-17","2026-08-29","SARS-CoV-2","2026-10-09 11:01"
"California","Alameda","ID:2601","95000","WastewaterSCAN","1.0","Very Low","2025-12-15","2026-08-29","RSV","2026-10-09 11:01"
"California","Alameda","ID:93","60000","CDC_Verily","1.0","Very Low","2022-12-06","2026-08-29","Influenza A virus","2026-10-09 11:01"
"California","Alameda","ID:93","60000","CDC_Verily","1.42","Very Low","2022-12-06","2026-08-29","RSV","2026-10-09 11:01"
"California","Alameda","ID:93","60000","CDC_Verily","4.5","Low","2022-07-04","2026-08-29","SARS-CoV-2","2026-10-09 11:01"
"California","Alameda, Contra Costa","ID:94","740000","State_Territory","11.61","Very High","2021-05-19","2026-08-29","SARS-CoV-2","2026-10-09 11:01"
"California","Alameda, Contra Costa","ID:94","740000","State_Territory","1.46","Very Low","2022-05-10","2026-08-29","RSV","2026-10-09 11:01"
"California","Alameda, Contra Costa","ID:94","740000","State_Territory","4.0","Low","2022-05-10","2026-08-29","Influenza A virus","2026-10-09 11:01"
"California","Butte","ID:95","44000","State_Territory","1.0","Very Low","2023-10-02","2026-08-29","RSV","2026-10-09 11:01"
"California","Butte","ID:95","44000","State_Territory","1.0","Very Low","2023-10-02","2026-08-29","Influenza A virus","2026-10-09 11:01"
"California","Butte","ID:95","44000","State_Territory","13.96","Very High","2023-09-04","2026-08-29","SARS-CoV-2","2026-10-09 11:01"
"California","Butte","ID:96","101299","State_Territory","1.0","Very Low","2023-11-14","2026-08-29","RSV","2026-10-09 11:01"
"California","Butte","ID:96","101299","State_Territory","1.72","Very Low","2023-11-14","2026-08-29","Influenza A virus","2026-10-09 11:01"
"California","Butte","ID:96","101299","State_Territory","9.25","High","2023-10-17","2026-08-29","SARS-CoV-2","2026-10-09 11:01"
"California","Contra Costa","ID:97","495000","CDC_Verily, State_Territory","1.0","Very Low","2022-05-30","2026-08-29","RSV","2026-10-09 11:01"
"California","Contra Costa","ID:97","495000","CDC_Verily, State_Territory","1.26","Very Low","2022-05-30","2026-08-29","Influenza A virus","2026-10-09 11:01"
"California","Contra Costa","ID:97","495000","CDC_Verily, State_Territory","6.24","Moderate","2020-12-28","2026-08-29","SARS-CoV-2","2026-10-09 11:01"
"California","Contra Costa","ID:98","218281","State_Territory","1.0","Very Low","2023-09-04","2026-08-29","RSV","2026-10-09 11:01"
"California","Contra Costa","ID:98","218281","State_Territory","4.32","Low","2022-06-20","2026-08-29","SARS-CoV-2","2026-10-09 11:01"
"California","Contra Costa","ID:98","218281","State_Territory","1.0","Very Low","2023-09-04","2026-08-29","Influenza A virus","2026-10-09 11:01"
"California","Contra Costa","ID:99","102000","CDC_Verily","1.0","Very Low","2022-07-19","2026-08-29","Influenza A virus","2026-10-09 11:01"
"California","Contra Costa","ID:99","102000","CDC_Verily","7.2","Moderate","2022-06-21","2026-08-29","SARS-CoV-2","2026-10-09 11:01"
"California","Contra Costa","ID:99","102000","CDC_Verily","1.0","Very Low","2022-07-19","2026-08-29","RSV","2026-10-09 11:01"
"California","Kings","ID:108","56000","State_Territory","1.0","Very Low","2023-04-25","2026-08-29","RSV","2026-10-09 11:01"
"California","Kings","ID:108","56000","State_Territory","11.78","Very High","2022-07-19","2026-08-29","SARS-CoV-2","2026-10-09 11:01"
"California","Kings","ID:108","56000","State_Territory","1.0","Very Low","2023-04-25","2026-08-29","Influenza A virus","2026-10-09 11:01"
"California","Lake","ID:111","13200","State_Territory","2.23","Very Low","2023-03-02","2026-08-29","Influenza A virus","2026-10-09 11:01"
"California","Lake","ID:111","13200","State_Territory","16.41","Very High","2022-03-21","2026-08-29","SARS-CoV-2","2026-10-09 11:01"
"California","Lake","ID:111","13200","State_Territory","1.0","Very Low","2023-05-11","2026-08-29","RSV","2026-10-09 11:01"
"California","Los Angeles","ID:112","200000","CDC_Verily","1.0","Very Low","2022-11-21","2026-08-29","RSV","2026-10-09 11:01"
"California","Los Angeles","ID:112","200000","CDC_Verily","7.79","Moderate","2022-07-04","2026-08-29","SARS-CoV-2","2026-10-09 11:01"
"California","Los Angeles","ID:112","200000","CDC_Verily","1.0","Very Low","2022-11-21","2026-08-29","Influenza A virus","2026-10-09 11:01"
"California","Los Angeles, Ventura","ID:113","4000000","State_Territory, WastewaterSCAN","1.0","Very Low","2022-11-06","2026-08-29","Influenza A virus","2026-10-09 11:01"
"California","Los Angeles, Ventura","ID:113","4000000","State_Territory, WastewaterSCAN","1.0","Very Low","2022-11-06","2026-08-29","RSV","2026-10-09 11:01"
"California","Los Angeles, Ventura","ID:113","4000000","State_Territory, WastewaterSCAN","11.48","High","2021-01-20","2026-08-29","SARS-CoV-2","2026-10-09 11:01"
"California","Los Angeles","ID:114","3500000","State_Territory, WastewaterSCAN","1.0","Very Low","2022-05-08","2026-08-29","RSV","2026-10-09 11:01"
"California","Los Angeles","ID:114","3500000","State_Territory, WastewaterSCAN","6.8","Moderate","2020-06-01","2026-08-29","SARS-CoV-2","2026-10-09 11:01"
"California","Los Angeles","ID:114","3500000","State_Territory, WastewaterSCAN","1.0","Very Low","2022-05-08","2026-08-29","Influenza A virus","2026-10-09 11:01"
"California","Los Angeles, Ventura","ID:115","75000","CDC_Verily","1.0","Very Low","2024-01-30","2026-08-29","Influenza A virus","2026-10-09 11:01"
"California","Los Angeles, Ventura","ID:115","75000","CDC_Verily","5.24","Moderate","2022-07-11","2026-08-29","SARS-CoV-2","2026-10-09 11:01"
"California","Los Angeles, Ventura","ID:115","75000","CDC_Verily","1.0","Very Low","2024-01-30","2026-08-29","RSV","2026-10-09 11:01"
"California","Marin","ID:118","104250","WastewaterSCAN","19.2","Very High","2022-10-03","2026-08-29","SARS-CoV-2","2026-10-09 11:01"
"California","Marin","ID:118","104250","WastewaterSCAN","3.03","Low","2022-10-31","2026-08-29","Influenza A virus","2026-10-09 11:01"
"California","Marin","ID:118","104250","WastewaterSCAN","1.0","Very Low","2022-10-31","2026-08-29","RSV","2026-10-09 11:01"
"California","Marin","ID:120","30000","CDC_Verily","1.0","Very Low","2022-10-17","2026-08-29","RSV","2026-10-09 11:01"
"California","Marin","ID:120","30000","CDC_Verily","1.0","Very Low","2022-10-17","2026-08-29","Influenza A virus","2026-10-09 11:01"
"California","Marin","ID:120","30000","CDC_Verily","5.71","Moderate","2022-09-19","2026-08-29","SARS-CoV-2","2026-10-09 11:01"
"California","Marin","ID:121","53000","WastewaterSCAN","1.0","Very Low","2022-08-29","2026-08-29","RSV","2026-10-09 11:01"
"California","Marin","ID:121","53000","WastewaterSCAN","1.63","Very Low","2022-08-29","2026-08-29","Influenza A virus","2026-10-09 11:01"
"California","Marin","ID:121","53000","WastewaterSCAN","12.46","Very High","2022-08-01","2026-08-29","SARS-CoV-2","2026-10-09 11:01"
"California","Merced","ID:125","91000","WastewaterSCAN","1.0","Very Low","2023-02-10","2026-08-29","RSV","2026-10-09 11:01"
"California","Merced","ID:125","91000","WastewaterSCAN","1.0","Very Low","2023-02-10","2026-08-29","Influenza A virus","2026-10-09 11:01"
"California","Merced","ID:125","91000","WastewaterSCAN","17.33","Very High","2021-12-01","2026-08-29","SARS-CoV-2","2026-10-09 11:01"
"California","Mono","ID:126","8200","CDC_Verily","1.0","Very Low","2023-05-24","2026-08-29","Influenza A virus","2026-10-09 11:01"
"California","Mono","ID:126","8200","CDC_Verily","1.42","Very Low","2023-04-26","2026-08-29","SARS-CoV-2","2026-10-09 11:01"
"California","Mono","ID:126","8200","CDC_Verily","1.0","Very Low","2023-05-24","2026-08-29","RSV","2026-10-09 11:01"
"California","Monterey","ID:127","262000","WastewaterSCAN","1.0","Very Low","2023-02-05","2026-08-29","Influenza A virus","2026-10-09 11:01"
"California","Monterey","ID:127","262000","WastewaterSCAN","22.13","Very High","2022-09-10","2026-08-29","SARS-CoV-2","2026-10-09 11:01"
"California","Monterey","ID:127","262000","WastewaterSCAN","1.0","Very Low","2023-02-05","2026-08-29","RSV","2026-10-09 11:01"
"California","Monterey","ID:128","16000","CDC_Verily","1.0","Very Low","2024-01-30","2026-08-29","Influenza A virus","2026-10-09 11:01"
"California","Monterey","ID:128","16000","CDC_Verily","1.0","Very Low","2024-01-30","2026-08-29","RSV","2026-10-09 11:01"
"California","Monterey","ID:128","16000","CDC_Verily","5.01","Moderate","2023-05-22","2026-08-29","SARS-CoV-2","2026-10-09 11:01"
"California","Napa","ID:129","20256","State_Territory","2.26","Very Low","2023-03-13","2026-08-29","Influenza A virus","2026-10-09 11:01"
"California","Napa","ID:129","20256","State_Territory","1.0","Very Low","2023-05-15","2026-08-29","RSV","2026-10-09 11:01"
"California","Napa","ID:129","20256","State_Territory","12.69","Very High","2022-12-19","2026-08-29","SARS-CoV-2","2026-10-09 11:01"
"California","Napa","ID:130","83300","WastewaterSCAN","1.0","Very Low","2022-12-05","2026-08-29","RSV","2026-10-09 11:01"
"California","Napa","ID:130","83300","WastewaterSCAN","6.83","Moderate","2022-11-07","2026-08-29","SARS-CoV-2","2026-10-09 11:01"
"California","Napa","ID:130","83300","WastewaterSCAN","1.0","Very Low","2022-12-05","2026-08-29","Influenza A virus","2026-10-09 11:01"
"California","El Dorado, Nevada, Placer","ID:131","50000","State_Territory","1.28","Very Low","2024-03-24","2026-08-29","Influenza A virus","2026-10-09 11:01"
"California","El Dorado, Nevada, Placer","ID:131","50000","State_Territory","1.0","Very Low","2024-03-24","2026-08-29","RSV","2026-10-09 11:01"
"California","El Dorado, Nevada, Placer","ID:131","50000","State_Territory","4.55","Low","2024-02-25","2026-08-29","SARS-CoV-2","2026-10-09 11:01"
"California","Orange","ID:135","1800000","State_Territory","1.33","Very Low","2023-05-14","2026-08-29","RSV","2026-10-09 11:01"
"California","Orange","ID:135","1800000","State_Territory","1.25","Very Low","2023-03-12","2026-08-29","Influenza A virus","2026-10-09 11:01"
"California","Orange","ID:135","1800000","State_Territory","7.59","Moderate","2021-01-20","2026-08-29","SARS-CoV-2","2026-10-09 11:01"
"California","Placer","ID:136","108444","State_Territory","5.77","Moderate","2023-10-31","2026-08-29","SARS-CoV-2","2026-10-09 11:01"
"California","Placer","ID:136","108444","State_Territory","1.0","Very Low","2023-11-28","2026-08-29","Influenza A virus","2026-10-09 11:01"
"California","Placer","ID:136","108444","State_Territory","1.0","Very Low","2023-11-28","2026-08-29","RSV","2026-10-09 11:01"
"California","Plumas","ID:137","4217","State_Territory","9.58","High","2022-10-18","2026-08-29","SARS-CoV-2","2026-10-09 11:01"
"California","Plumas","ID:137","4217","State_Territory","1.0","Very Low","2023-03-14","2026-08-29","Influenza A virus","2026-10-09 11:01"
"California","Plumas","ID:137","4217","State_Territory","1.0","Very Low","2023-05-16","2026-08-29","RSV","2026-10-09 11:01"
"California","Riverside","ID:138","350000","WastewaterSCAN","1.0","Very Low","2023-04-05","2026-08-29","RSV","2026-10-09 11:01"
"California","Riverside","ID:138","350000","WastewaterSCAN","1.0","Very Low","2023-04-05","2026-08-29","Influenza A virus","2026-10-09 11:01"
"California","Riverside","ID:138","350000","WastewaterSCAN","22.93","Very High","2023-03-08","2026-08-29","SARS-CoV-2","2026-10-09 11:01"
"California","Riverside","ID:139","91765","WastewaterSCAN","1.0","Very Low","2022-11-02","2026-08-29","Influenza A virus","2026-10-09 11:01"
"California","Riverside","ID:139","91765","WastewaterSCAN","6.46","Moderate","2022-06-05","2026-08-29","SARS-CoV-2","2026-10-09 11:01"
"California","Riverside","ID:139","91765","WastewaterSCAN","2.08","Low","2022-11-02","2026-08-29","RSV","2026-10-09 11:01"
"California","Sacramento","ID:140","1480000","WastewaterSCAN","9.99","High","2020-11-24","2026-08-29","SARS-CoV-2","2026-10-09 11:01"
"California","Sacramento","ID:140","1480000","WastewaterSCAN","2.14","Very Low","2023-04-30","2026-08-29","Influenza A virus","2026-10-09 11:01"
"California","Sacramento","ID:140","1480000","WastewaterSCAN","1.0","Very Low","2023-04-30","2026-08-29","RSV","2026-10-09 11:01"
"California","San Bernardino","ID:143","890000","WastewaterSCAN","1.66","Very Low","2022-07-04","2026-08-29","RSV","2026-10-09 11:01"
"California","San Bernardino","ID:143","890000","WastewaterSCAN","12.56","Very High","2022-06-06","2026-08-29","SARS-CoV-2","2026-10-09 11:01"
"California","San Bernardino","ID:143","890000","WastewaterSCAN","1.55","Very Low","2022-07-04","2026-08-29","Influenza A virus","2026-10-09 11:01"
"California","San Bernardino","ID:144","325000","State_Territory","11.33","High","2021-10-25","2026-08-29","SARS-CoV-2","2026-10-09 11:01"
"California","San Bernardino","ID:144","325000","State_Territory","1.0","Very Low","2023-05-15","2026-08-29","RSV","2026-10-09 11:01"
"California","San Bernardino","ID:144","325000","State_Territory","1.0","Very Low","2023-02-21","2026-08-29","Influenza A virus","2026-10-09 11:01"
"California","San Diego","ID:145","2200000","State_Territory, WastewaterSCAN","1.0","Very Low","2022-10-16","2026-08-29","Influenza A virus","2026-10-09 11:01"
"California","San Diego","ID:145","2200000","State_Territory, WastewaterSCAN","1.0","Very Low","2022-10-16","2026-08-29","RSV","2026-10-09 11:01"
"California","San Diego","ID:145","2200000","State_Territory, WastewaterSCAN","7.63","Moderate","2021-01-18","2026-08-29","SARS-CoV-2","2026-10-09 11:01"
"California","San Francisco, San Mateo","ID:147","250000","WastewaterSCAN","2.82","Low","2023-03-08","2026-08-29","Influenza A virus","2026-10-09 11:01"
"California","San Francisco, San Mateo","ID:147","250000","WastewaterSCAN","9.65","High","2020-11-17","2026-08-29","SARS-CoV-2","2026-10-09 11:01"
"California","San Francisco, San Mateo","ID:147","250000","WastewaterSCAN","1.08","Very Low","2023-05-01","2026-08-29","RSV","2026-10-09 11:01"
"California","San Francisco, San Mateo","ID:148","750000","State_Territory, WastewaterSCAN","6.66","Moderate","2020-11-17","2026-08-29","SARS-CoV-2","2026-10-09 11:01"
"California","San Francisco, San Mateo","ID:148","750000","State_Territory, WastewaterSCAN","3.41","Low","2023-03-08","2026-08-29","Influenza A virus","2026-10-09 11:01"
"California","San Francisco, San Mateo","ID:148","750000","State_Territory, WastewaterSCAN","1.58","Very Low","2023-05-01","2026-08-29","RSV","2026-10-09 11:01"
"California","San Joaquin","ID:155","68000","CDC_Verily","9.31","High","2023-03-06","2026-08-29","SARS-CoV-2","2026-10-09 11:01"
"California","San Joaquin","ID:155","68000","CDC_Verily","1.0","Very Low","2024-10-08","2026-08-29","RSV","2026-10-09 11:01"
"California","San Joaquin","ID:155","68000","CDC_Verily","1.0","Very Low","2024-10-08","2026-08-29","Influenza A virus","2026-10-09 11:01"
"California","San Joaquin","ID:157","29000","CDC_Verily","3.49","Low","2024-12-17","2026-08-29","Influenza A virus","2026-10-09 11:01"
"California","San Joaquin","ID:157","29000","CDC_Verily","8.04","High","2023-02-28","2026-08-29","SARS-CoV-2","2026-10-09 11:01"
"California","San Joaquin","ID:157","29000","CDC_Verily","1.0","Very Low","2024-12-17","2026-08-29","RSV","2026-10-09 11:01"
"California","San Luis Obispo","ID:160","6031","CDC_Verily","1.0","Very Low","2024-03-12","2026-08-29","RSV","2026-10-09 11:01"
"California","San Luis Obispo","ID:160","6031","CDC_Verily","1.0","Very Low","2024-03-12","2026-08-29","Influenza A virus","2026-10-09 11:01"
"California","San Luis Obispo","ID:160","6031","CDC_Verily","3.24","Low","2022-11-23","2026-08-29","SARS-CoV-2","2026-10-09 11:01"
"California","San Luis Obispo","ID:161","15000","CDC_Verily","1.0","Very Low","2024-05-21","2026-08-29","RSV","2026-10-09 11:01"
"California","San Luis Obispo","ID:161","15000","CDC_Verily","1.0","Very Low","2024-05-21","2026-08-29","Influenza A virus","2026-10-09 11:01"
"California","San Luis Obispo","ID:161","15000","CDC_Verily","6.34","Moderate","2023-01-18","2026-08-29","SARS-CoV-2","2026-10-09 11:01"
"California","San Luis Obispo","ID:162","14465","CDC_Verily","5.0","Moderate","2022-11-07","2026-08-29","SARS-CoV-2","2026-10-09 11:01"
"California","San Luis Obispo","ID:162","14465","CDC_Verily","1.0","Very Low","2024-02-15","2026-08-29","RSV","2026-10-09 11:01"
"California","San Luis Obispo","ID:162","14465","CDC_Verily","1.0","Very Low","2024-02-15","2026-08-29","Influenza A virus","2026-10-09 11:01"
"California","San Luis Obispo","ID:164","31037","WastewaterSCAN","1.0","Very Low","2022-05-09","2026-08-29","RSV","2026-10-09 11:01"
"California","San Luis Obispo","ID:164","31037","WastewaterSCAN","1.0","Very Low","2022-05-09","2026-08-29","Influenza A virus","2026-10-09 11:01"
"California","San Luis Obispo","ID:164","31037","WastewaterSCAN","5.17","Moderate","2022-02-22","2026-08-29","SARS-CoV-2","2026-10-09 11:01"
"California","San Luis Obispo","ID:165","47545","State_Territory","1.26","Very Low","2023-10-16","2026-08-29","Influenza A virus","2026-10-09 11:01"
"California","San Luis Obispo","ID:165","47545","State_Territory","9.62","High","2022-07-26","2026-08-29","SARS-CoV-2","2026-10-09 11:01"
"California","San Luis Obispo","ID:165","47545","State_Territory","1.0","Very Low","2023-10-16","2026-08-29","RSV","2026-10-09 11:01"
"California","San Luis Obispo","ID:166","39000","CDC_Verily","1.0","Very Low","2024-02-13","2026-08-29","RSV","2026-10-09 11:01"
"California","San Luis Obispo","ID:166","39000","CDC_Verily","8.28","High","2022-06-13","2026-08-29","SARS-CoV-2","2026-10-09 11:01"
"California","San Luis Obispo","ID:166","39000","CDC_Verily","1.0","Very Low","2024-02-13","2026-08-29","Influenza A virus","2026-10-09 11:01"
"California","San Mateo","ID:168","150000","CDC_Verily","1.0","Very Low","2022-09-14","2026-08-29","RSV","2026-10-09 11:01"
"California","San Mateo","ID:168","150000","CDC_Verily","7.06","Moderate","2022-08-17","2026-08-29","SARS-CoV-2","2026-10-09 11:01"
"California","San Mateo","ID:168","150000","CDC_Verily","1.0","Very Low","2022-09-14","2026-08-29","Influenza A virus","2026-10-09 11:01"
"California","San Mateo","ID:169","27000","CDC_Verily","1.0","Very Low","2022-07-06","2026-08-29","RSV","2026-10-09 11:01"
"California","San Mateo","ID:169","27000","CDC_Verily","7.48","Moderate","2022-06-08","2026-08-29","SARS-CoV-2","2026-10-09 11:01"
"California","San Mateo","ID:169","27000","CDC_Verily","1.0","Very Low","2022-07-06","2026-08-29","Influenza A virus","2026-10-09 11:01"
"California","San Mateo","ID:170","199000","WastewaterSCAN","1.0","Very Low","2023-05-01","2026-08-29","RSV","2026-10-09 11:01"
"California","San Mateo","ID:170","199000","WastewaterSCAN","6.88","Moderate","2020-11-25","2026-08-29","SARS-CoV-2","2026-10-09 11:01"
"California","San Mateo","ID:170","199000","WastewaterSCAN","1.15","Very Low","2023-05-01","2026-08-29","Influenza A virus","2026-10-09 11:01"
"California","Santa Barbara","ID:171","69290","WastewaterSCAN","1.0","Very Low","2022-10-10","2026-08-29","RSV","2026-10-09 11:01"
"California","Santa Barbara","ID:171","69290","WastewaterSCAN","4.39","Low","2022-10-10","2026-08-29","Influenza A virus","2026-10-09 11:01"
"California","Santa Barbara","ID:171","69290","WastewaterSCAN","19.3","Very High","2022-09-12","2026-08-29","SARS-CoV-2","2026-10-09 11:01"
"California","Santa Barbara","ID:172","77600","State_Territory","1.61","Very Low","2023-09-18","2026-08-29","RSV","2026-10-09 11:01"
"California","Santa Barbara","ID:172","77600","State_Territory","5.75","Moderate","2023-08-21","2026-08-29","SARS-CoV-2","2026-10-09 11:01"
"California","Santa Barbara","ID:172","77600","State_Territory","1.91","Very Low","2023-09-18","2026-08-29","Influenza A virus","2026-10-09 11:01"
"California","Santa Clara","ID:173","153000","WastewaterSCAN","1.31","Very Low","2023-05-01","2026-08-29","RSV","2026-10-09 11:01"
"California","Santa Clara","ID:173","153000","WastewaterSCAN","10.52","High","2021-01-11","2026-08-29","SARS-CoV-2","2026-10-09 11:01"
"California","Santa Clara","ID:173","153000","WastewaterSCAN","2.1","Very Low","2023-05-01","2026-08-29","Influenza A virus","2026-10-09 11:01"
"California","Santa Clara","ID:174","110338","WastewaterSCAN","1.3","Very Low","2023-05-01","2026-08-29","Influenza A virus","2026-10-09 11:01"
"California","Santa Clara","ID:174","110338","WastewaterSCAN","1.28","Very Low","2023-05-01","2026-08-29","RSV","2026-10-09 11:01"
"California","Santa Clara","ID:174","110338","WastewaterSCAN","18.49","Very High","2021-01-11","2026-08-29","SARS-CoV-2","2026-10-09 11:01"
"California","Santa Clara","ID:175","236000","WastewaterSCAN","1.72","Low","2023-04-30","2026-08-29","RSV","2026-10-09 11:01"
"California","Santa Clara","ID:175","236000","WastewaterSCAN","7.37","Moderate","2020-11-13","2026-08-29","SARS-CoV-2","2026-10-09 11:01"
"California","Santa Clara","ID:175","236000","WastewaterSCAN","4.49","Low","2023-04-30","2026-08-29","Influenza A virus","2026-10-09 11:01"
"California","Santa Clara","ID:176","1500000","WastewaterSCAN","7.9","High","2020-04-29","2026-08-29","SARS-CoV-2","2026-10-09 11:01"
"California","Del Norte","ID:100","15372","State_Territory","1.0","Very Low","2023-12-13","2026-08-29","RSV","2026-10-09 11:01"
"California","Del Norte","ID:100","15372","State_Territory","8.61","High","2023-11-15","2026-08-29","SARS-CoV-2","2026-10-09 11:01"
"California","Del Norte","ID:100","15372","State_Territory","1.0","Very Low","2023-12-13","2026-08-29","Influenza A virus","2026-10-09 11:01"
"California","El Dorado","ID:101","30000","CDC_Verily","1.0","Very Low","2024-04-08","2026-08-29","Influenza A virus","2026-10-09 11:01"
"California","El Dorado","ID:101","30000","CDC_Verily","3.78","Low","2022-08-02","2026-08-29","SARS-CoV-2","2026-10-09 11:01"
"California","El Dorado","ID:101","30000","CDC_Verily","1.0","Very Low","2024-04-08","2026-08-29","RSV","2026-10-09 11:01"
"California","Humboldt","ID:103","45000","State_Territory","6.97","Moderate","2022-06-28","2026-08-29","SARS-CoV-2","2026-10-09 11:01"
"California","Humboldt","ID:103","45000","State_Territory","2.08","Low","2023-10-08","2026-08-29","RSV","2026-10-09 11:01"
"California","Humboldt","ID:103","45000","State_Territory","1.0","Very Low","2023-10-08","2026-08-29","Influenza A virus","2026-10-09 11:01"
"California","Kern","ID:106","168750","State_Territory","1.5","Very Low","2023-02-21","2026-08-29","Influenza A virus","2026-10-09 11:01"
"California","Kern","ID:106","168750","State_Territory","7.67","Moderate","2021-10-20","2026-08-29","SARS-CoV-2","2026-10-09 11:01"
"California","Kern","ID:106","168750","State_Territory","1.0","Very Low","2023-05-16","2026-08-29","RSV","2026-10-09 11:01"
"California","Santa Clara","ID:174","110338","WastewaterSCAN","1.4","Very Low","2023-05-01","2026-08-22","RSV","2026-10-09 11:01"
"California","Santa Clara","ID:174","110338","WastewaterSCAN","1.13","Very Low","2023-05-01","2026-08-22","Influenza A virus","2026-10-09 11:01"
"California","Santa Clara","ID:175","236000","WastewaterSCAN","2.15","Low","2023-04-30","2026-08-22","RSV","2026-10-09 11:01"
"California","Santa Clara","ID:175","236000","WastewaterSCAN","13.24","Very High","2020-11-13","2026-08-22","SARS-CoV-2","2026-10-09 11:01"
"California","Santa Clara","ID:175","236000","WastewaterSCAN","12.15","High","2023-04-30","2026-08-22","Influenza A virus","2026-10-09 11:01"
"California","Santa Clara","ID:176","1500000","WastewaterSCAN","9.26","High","2020-04-29","2026-08-22","SARS-CoV-2","2026-10-09 11:01"
"California","Santa Clara","ID:176","1500000","WastewaterSCAN","2.51","Low","2023-04-30","2026-08-22","Influenza A virus","2026-10-09 11:01"
"California","Santa Clara","ID:176","1500000","WastewaterSCAN","1.32","Very Low","2023-04-30","2026-08-22","RSV","2026-10-09 11:01"
"California","Santa Cruz","ID:177","164000","CDC_Verily","1.0","Very Low","2024-05-19","2026-08-22","Influenza A virus","2026-10-09 11:01"
"California","Santa Cruz","ID:177","164000","CDC_Verily","3.73","Low","2022-06-28","2026-08-22","SARS-CoV-2","2026-10-09 11:01"
"California","Santa Cruz","ID:177","164000","CDC_Verily","1.0","Very Low","2024-05-19","2026-08-22","RSV","2026-10-09 11:01"
"California","Santa Cruz","ID:178","94000","CDC_Verily","1.3","Very Low","2022-05-15","2026-08-22","SARS-CoV-2","2026-10-09 11:01"
"California","Santa Cruz","ID:178","94000","CDC_Verily","1.0","Very Low","2022-06-12","2026-08-22","Influenza A virus","2026-10-09 11:01"
"California","Santa Cruz","ID:178","94000","CDC_Verily","1.0","Very Low","2022-06-12","2026-08-22","RSV","2026-10-09 11:01"
"California","Santa Cruz","ID:179","160000","WastewaterSCAN","1.0","Very Low","2022-06-12","2026-08-22","Influenza A virus","2026-10-09 11:01"
"California","Santa Cruz","ID:179","160000","WastewaterSCAN","10.71","High","2022-05-15","2026-08-22","SARS-CoV-2","2026-10-09 11:01"
"California","Santa Cruz","ID:179","160000","WastewaterSCAN","1.0","Very Low","2022-06-12","2026-08-22","RSV","2026-10-09 11:01"
"California","Shasta","ID:182","60000","State_Territory","1.69","Very Low","2023-10-30","2026-08-22","Influenza A virus","2026-10-09 11:01"
"California","Shasta","ID:182","60000","State_Territory","1.0","Very Low","2023-10-30","2026-08-22","RSV","2026-10-09 11:01"
"California","Shasta","ID:182","60000","State_Territory","3.82","Low","2023-10-02","2026-08-22","SARS-CoV-2","2026-10-09 11:01"
"California","Solano","ID:183","121000","WastewaterSCAN","15.33","Very High","2022-11-01","2026-08-22","SARS-CoV-2","2026-10-09 11:01"
"California","Solano","ID:183","121000","WastewaterSCAN","1.0","Very Low","2022-11-29","2026-08-22","RSV","2026-10-09 11:01"
"California","Solano","ID:183","121000","WastewaterSCAN","1.0","Very Low","2022-11-29","2026-08-22","Influenza A virus","2026-10-09 11:01"
"California","Sonoma","ID:184","230000","WastewaterSCAN","5.7","Moderate","2022-06-19","2026-08-22","SARS-CoV-2","2026-10-09 11:01"
"California","Sonoma","ID:184","230000","WastewaterSCAN","1.0","Very Low","2022-10-20","2026-08-22","Influenza A virus","2026-10-09 11:01"
"California","Sonoma","ID:184","230000","WastewaterSCAN","1.0","Very Low","2022-10-20","2026-08-22","RSV","2026-10-09 11:01"
"California","Sonoma","ID:186","28000","CDC_Verily","1.0","Very Low","2023-02-24","2026-08-22","RSV","2026-10-09 11:01"
"California","Sonoma","ID:186","28000","CDC_Verily","1.0","Very Low","2023-02-24","2026-08-22","Influenza A virus","2026-10-09 11:01"
"California","Sonoma","ID:186","28000","CDC_Verily","12.72","Very High","2023-01-27","2026-08-22","SARS-CoV-2","2026-10-09 11:01"
"California","Stanislaus","ID:187","230000","CDC_Verily","1.0","Very Low","2023-02-13","2026-08-22","Influenza A virus","2026-10-09 11:01"
"California","Stanislaus","ID:187","230000","CDC_Verily","12.96","Very High","2021-12-01","2026-08-22","SARS-CoV-2","2026-10-09 11:01"
"California","Stanislaus","ID:187","230000","CDC_Verily","1.0","Very Low","2023-02-13","2026-08-22","RSV","2026-10-09 11:01"
"California","Stanislaus","ID:188","86000","WastewaterSCAN","7.89","Moderate","2022-06-10","2026-08-22","SARS-CoV-2","2026-10-09 11:01"
"California","Stanislaus","ID:188","86000","WastewaterSCAN","1.0","Very Low","2023-02-10","2026-08-22","RSV","2026-10-09 11:01"
"California","Stanislaus","ID:188","86000","WastewaterSCAN","1.0","Very Low","2023-02-10","2026-08-22","Influenza A virus","2026-10-09 11:01"
"California","Sutter","ID:189","70000","State_Territory","3.47","Low","2023-01-11","2026-08-22","SARS-CoV-2","2026-10-09 11:01"
"California","Sutter","ID:189","70000","State_Territory","1.6","Very Low","2023-02-08","2026-08-22","Influenza A virus","2026-10-09 11:01"
"California","Sutter","ID:189","70000","State_Territory","1.53","Very Low","2023-02-08","2026-08-22","RSV","2026-10-09 11:01"
"California","Ventura","ID:190","250000","CDC_Verily, State_Territory","1.0","Very Low","2023-04-04","2026-08-22","RSV","2026-10-09 11:01"
"California","Ventura","ID:190","250000","CDC_Verily, State_Territory","6.3","Moderate","2021-05-05","2026-08-22","SARS-CoV-2","2026-10-09 11:01"
"California","Ventura","ID:190","250000","CDC_Verily, State_Territory","1.0","Very Low","2023-04-04","2026-08-22","Influenza A virus","2026-10-09 11:01"
"California","Yolo","ID:193","68000","WastewaterSCAN","4.78","Low","2021-01-04","2026-08-22","SARS-CoV-2","2026-10-09 11:01"
"California","Yolo","ID:193","68000","WastewaterSCAN","1.0","Very Low","2023-04-03","2026-08-22","RSV","2026-10-09 11:01"
"California","Yolo","ID:193","68000","WastewaterSCAN","1.0","Very Low","2023-04-03","2026-08-22","Influenza A virus","2026-10-09 11:01"
"California","Yolo","ID:194","59000","WastewaterSCAN","1.0","Very Low","2023-02-10","2026-08-22","Influenza A virus","2026-10-09 11:01"
"California","Yolo","ID:194","59000","WastewaterSCAN","7.7","Moderate","2022-06-10","2026-08-22","SARS-CoV-2","2026-10-09 11:01"
"California","Yolo","ID:194","59000","WastewaterSCAN","1.0","Very Low","2023-02-10","2026-08-22","RSV","2026-10-09 11:01"
"California","Nevada","ID:2199","13754","CDC_Verily","1.0","Very Low","2024-07-02","2026-08-22","RSV","2026-10-09 11:01"
"California","Nevada","ID:2199","13754","CDC_Verily","3.41","Low","2024-06-04","2026-08-22","SARS-CoV-2","2026-10-09 11:01"
"California","Nevada","ID:2199","13754","CDC_Verily","1.37","Very Low","2024-07-02","2026-08-22","Influenza A virus","2026-10-09 11:01"
"California","El Dorado","ID:2346","125000","CDC_Verily","1.0","Very Low","2025-08-26","2026-08-22","RSV","2026-10-09 11:01"
"California","El Dorado","ID:2346","125000","CDC_Verily","1.0","Very Low","2025-08-26","2026-08-22","Influenza A virus","2026-10-09 11:01"
"California","El Dorado","ID:2346","125000","CDC_Verily","6.48","Moderate","2025-07-29","2026-08-22","SARS-CoV-2","2026-10-09 11:01"
"California","Santa Barbara","ID:2347","97000","CDC_Verily","1.0","Very Low","2023-06-26","2026-08-22","RSV","2026-10-09 11:01"
"California","Santa Barbara","ID:2347","97000","CDC_Verily","1.0","Very Low","2023-06-26","2026-08-22","Influenza A virus","2026-10-09 11:01"
"California","Santa Barbara","ID:2347","97000","CDC_Verily","4.22","Low","2023-05-29","2026-08-22","SARS-CoV-2","2026-10-09 11:01"
"California","Placer","ID:2348","127000","CDC_Verily","1.0","Very Low","2023-05-22","2026-08-22","RSV","2026-10-09 11:01"
"California","Placer","ID:2348","127000","CDC_Verily","5.97","Moderate","2023-04-24","2026-08-22","SARS-CoV-2","2026-10-09 11:01"
"California","Placer","ID:2348","127000","CDC_Verily","1.0","Very Low","2023-05-22","2026-08-22","Influenza A virus","2026-10-09 11:01"
"California","Solano","ID:2365","155000","CDC_Verily","1.0","Very Low","2024-12-01","2026-08-22","Influenza A virus","2026-10-09 11:01"
"California","Solano","ID:2365","155000","CDC_Verily","1.0","Very Low","2024-12-01","2026-08-22","RSV","2026-10-09 11:01"
"California","Solano","ID:2365","155000","CDC_Verily","8.63","High","2024-11-03","2026-08-22","SARS-CoV-2","2026-10-09 11:01"
"California","Shasta","ID:2380","29000","State_Territory","1.0","Very Low","2023-11-07","2026-08-22","Influenza A virus","2026-10-09 11:01"
"California","Shasta","ID:2380","29000","State_Territory","1.0","Very Low","2023-11-07","2026-08-22","RSV","2026-10-09 11:01"
"California","Shasta","ID:2380","29000","State_Territory","7.54","Moderate","2023-10-10","2026-08-22","SARS-CoV-2","2026-10-09 11:01"
"California","Madera","ID:2453","60000","CDC_Verily","1.0","Very Low","2025-05-23","2026-08-22","RSV","2026-10-09 11:01"
"California","Madera","ID:2453","60000","CDC_Verily","1.0","Very Low","2025-05-23","2026-08-22","Influenza A virus","2026-10-09 11:01"
"California","Madera","ID:2453","60000","CDC_Verily","9.59","High","2025-04-25","2026-08-22","SARS-CoV-2","2026-10-09 11:01"
"California","Alameda","ID:2571","342000","WastewaterSCAN","1.0","Very Low","2025-06-11","2026-08-22","Influenza A virus","2026-10-09 11:01"
"California","Alameda","ID:2571","342000","WastewaterSCAN","13.18","Very High","2025-05-14","2026-08-22","SARS-CoV-2","2026-10-09 11:01"
"California","Alameda","ID:2571","342000","WastewaterSCAN","1.0","Very Low","2025-06-11","2026-08-22","RSV","2026-10-09 11:01"
"California","Alameda","ID:2572","150000","WastewaterSCAN","1.0","Very Low","2025-06-25","2026-08-22","RSV","2026-10-09 11:01"
"California","Alameda","ID:2572","150000","WastewaterSCAN","1.0","Very Low","2025-06-25","2026-08-22","Influenza A virus","2026-10-09 11:01"
"California","Alameda","ID:2572","150000","WastewaterSCAN","11.87","Very High","2025-05-28","2026-08-22","SARS-CoV-2","2026-10-09 11:01"
"California","Alameda","ID:2573","160000","WastewaterSCAN","1.0","Very Low","2025-08-18","2026-08-22","RSV","2026-10-09 11:01"
"California","Alameda","ID:2573","160000","WastewaterSCAN","6.73","Moderate","2025-07-21","2026-08-22","SARS-CoV-2","2026-10-09 11:01"
"California","Alameda","ID:2573","160000","WastewaterSCAN","1.0","Very Low","2025-08-18","2026-08-22","Influenza A virus","2026-10-09 11:01"
"California","Alameda","ID:2601","95000","WastewaterSCAN","6.43","Moderate","2025-11-17","2026-08-22","SARS-CoV-2","2026-10-09 11:01"
"California","Alameda","ID:2601","95000","WastewaterSCAN","1.0","Very Low","2025-12-15","2026-08-22","Influenza A virus","2026-10-09 11:01"
"California","Alameda","ID:2601","95000","WastewaterSCAN","1.0","Very Low","2025-12-15","2026-08-22","RSV","2026-10-09 11:01"
"California","Alameda","ID:93","60000","CDC_Verily","1.0","Very Low","2022-12-06","2026-08-22","Influenza A virus","2026-10-09 11:01"
"California","Alameda","ID:93","60000","CDC_Verily","4.29","Low","2022-07-04","2026-08-22","SARS-CoV-2","2026-10-09 11:01"
"California","Alameda","ID:93","60000","CDC_Verily","1.0","Very Low","2022-12-06","2026-08-22","RSV","2026-10-09 11:01"
"California","Alameda, Contra Costa","ID:94","740000","State_Territory","1.28","Very Low","2022-05-10","2026-08-22","RSV","2026-10-09 11:01"
"California","Alameda, Contra Costa","ID:94","740000","State_Territory","7.04","Moderate","2021-05-19","2026-08-22","SARS-CoV-2","2026-10-09 11:01"
"California","Alameda, Contra Costa","ID:94","740000","State_Territory","1.83","Very Low","2022-05-10","2026-08-22","Influenza A virus","2026-10-09 11:01"
"California","Butte","ID:95","44000","State_Territory","1.0","Very Low","2023-10-02","2026-08-22","Influenza A virus","2026-10-09 11:01"
"California","Butte","ID:95","44000","State_Territory","1.0","Very Low","2023-10-02","2026-08-22","RSV","2026-10-09 11:01"
"California","Butte","ID:95","44000","State_Territory","6.09","Moderate","2023-09-04","2026-08-22","SARS-CoV-2","2026-10-09 11:01"
"California","Butte","ID:96","101299","State_Territory","5.29","Moderate","2023-10-17","2026-08-22","SARS-CoV-2","2026-10-09 11:01"
"California","Butte","ID:96","101299","State_Territory","1.0","Very Low","2023-11-14","2026-08-22","Influenza A virus","2026-10-09 11:01"
"California","Butte","ID:96","101299","State_Territory","1.0","Very Low","2023-11-14","2026-08-22","RSV","2026-10-09 11:01"
"California","Contra Costa","ID:97","495000","CDC_Verily, State_Territory","7.08","Moderate","2020-12-28","2026-08-22","SARS-CoV-2","2026-10-09 11:01"
"California","Contra Costa","ID:97","495000","CDC_Verily, State_Territory","1.0","Very Low","2022-05-30","2026-08-22","RSV","2026-10-09 11:01"
"California","Contra Costa","ID:97","495000","CDC_Verily, State_Territory","1.54","Very Low","2022-05-30","2026-08-22","Influenza A virus","2026-10-09 11:01"
"California","Contra Costa","ID:98","218281","State_Territory","5.33","Moderate","2022-06-20","2026-08-22","SARS-CoV-2","2026-10-09 11:01"
"California","Contra Costa","ID:98","218281","State_Territory","1.24","Very Low","2023-09-04","2026-08-22","Influenza A virus","2026-10-09 11:01"
"California","Contra Costa","ID:98","218281","State_Territory","1.0","Very Low","2023-09-04","2026-08-22","RSV","2026-10-09 11:01"
"California","Contra Costa","ID:99","102000","CDC_Verily","1.0","Very Low","2022-07-19","2026-08-22","RSV","2026-10-09 11:01"
"California","Contra Costa","ID:99","102000","CDC_Verily","4.2","Low","2022-06-21","2026-08-22","SARS-CoV-2","2026-10-09 11:01"
"California","Contra Costa","ID:99","102000","CDC_Verily","1.46","Very Low","2022-07-19","2026-08-22","Influenza A virus","2026-10-09 11:01"
"California","Kern","ID:106","168750","State_Territory","6.41","Moderate","2021-10-20","2026-08-22","SARS-CoV-2","2026-10-09 11:01"
"California","Kern","ID:106","168750","State_Territory","1.0","Very Low","2023-05-16","2026-08-22","RSV","2026-10-09 11:01"
"California","Kern","ID:106","168750","State_Territory","1.5","Very Low","2023-02-21","2026-08-22","Influenza A virus","2026-10-09 11:01"
"California","Kings","ID:108","56000","State_Territory","1.0","Very Low","2023-04-25","2026-08-22","RSV","2026-10-09 11:01"
"California","Kings","ID:108","56000","State_Territory","1.0","Very Low","2023-04-25","2026-08-22","Influenza A virus","2026-10-09 11:01"
"California","Kings","ID:108","56000","State_Territory","7.45","Moderate","2022-07-19","2026-08-22","SARS-CoV-2","2026-10-09 11:01"
"California","Lake","ID:111","13200","State_Territory","6.23","Moderate","2022-03-21","2026-08-22","SARS-CoV-2","2026-10-09 11:01"
"California","Lake","ID:111","13200","State_Territory","1.29","Very Low","2023-03-02","2026-08-22","Influenza A virus","2026-10-09 11:01"
"California","Lake","ID:111","13200","State_Territory","1.0","Very Low","2023-05-11","2026-08-22","RSV","2026-10-09 11:01"
"California","Los Angeles","ID:112","200000","CDC_Verily","5.01","Moderate","2022-07-04","2026-08-22","SARS-CoV-2","2026-10-09 11:01"
"California","Los Angeles","ID:112","200000","CDC_Verily","1.0","Very Low","2022-11-21","2026-08-22","Influenza A virus","2026-10-09 11:01"
"California","Los Angeles","ID:112","200000","CDC_Verily","1.0","Very Low","2022-11-21","2026-08-22","RSV","2026-10-09 11:01"
"California","Los Angeles, Ventura","ID:113","4000000","State_Territory, WastewaterSCAN","1.25","Very Low","2022-11-06","2026-08-22","RSV","2026-10-09 11:01"
"California","Los Angeles, Ventura","ID:113","4000000","State_Territory, WastewaterSCAN","7.53","Moderate","2021-01-20","2026-08-22","SARS-CoV-2","2026-10-09 11:01"
"California","Los Angeles, Ventura","ID:113","4000000","State_Territory, WastewaterSCAN","1.12","Very Low","2022-11-06","2026-08-22","Influenza A virus","2026-10-09 11:01"
"California","Los Angeles","ID:114","3500000","State_Territory, WastewaterSCAN","1.0","Very Low","2022-05-08","2026-08-22","RSV","2026-10-09 11:01"
"California","Los Angeles","ID:114","3500000","State_Territory, WastewaterSCAN","8.31","High","2020-06-01","2026-08-22","SARS-CoV-2","2026-10-09 11:01"
"California","Los Angeles","ID:114","3500000","State_Territory, WastewaterSCAN","1.46","Very Low","2022-05-08","2026-08-22","Influenza A virus","2026-10-09 11:01"
"California","Los Angeles, Ventura","ID:115","75000","CDC_Verily","1.0","Very Low","2024-01-30","2026-08-22","Influenza A virus","2026-10-09 11:01"
"California","Los Angeles, Ventura","ID:115","75000","CDC_Verily","4.68","Low","2022-07-11","2026-08-22","SARS-CoV-2","2026-10-09 11:01"
"California","Los Angeles, Ventura","ID:115","75000","CDC_Verily","1.0","Very Low","2024-01-30","2026-08-22","RSV","2026-10-09 11:01"
"California","Marin","ID:118","104250","WastewaterSCAN","1.0","Very Low","2022-10-31","2026-08-22","Influenza A virus","2026-10-09 11:01"
"California","Marin","ID:118","104250","WastewaterSCAN","1.0","Very Low","2022-10-31","2026-08-22","RSV","2026-10-09 11:01"
"California","Marin","ID:118","104250","WastewaterSCAN","14.22","Very High","2022-10-03","2026-08-22","SARS-CoV-2","2026-10-09 11:01"
"California","Marin","ID:120","30000","CDC_Verily","6.43","Moderate","2022-09-19","2026-08-22","SARS-CoV-2","2026-10-09 11:01"
"California","Marin","ID:120","30000","CDC_Verily","1.0","Very Low","2022-10-17","2026-08-22","RSV","2026-10-09 11:01"
"California","Marin","ID:120","30000","CDC_Verily","1.68","Very Low","2022-10-17","2026-08-22","Influenza A virus","2026-10-09 11:01"
"California","Marin","ID:121","53000","WastewaterSCAN","11.47","High","2022-08-01","2026-08-22","SARS-CoV-2","2026-10-09 11:01"
"California","Marin","ID:121","53000","WastewaterSCAN","1.0","Very Low","2022-08-29","2026-08-22","RSV","2026-10-09 11:01"
"California","Marin","ID:121","53000","WastewaterSCAN","1.0","Very Low","2022-08-29","2026-08-22","Influenza A virus","2026-10-09 11:01"
"California","Merced","ID:125","91000","WastewaterSCAN","13.4","Very High","2021-12-01","2026-08-22","SARS-CoV-2","2026-10-09 11:01"
"California","Merced","ID:125","91000","WastewaterSCAN","1.0","Very Low","2023-02-10","2026-08-22","RSV","2026-10-09 11:01"
"California","Merced","ID:125","91000","WastewaterSCAN","2.69","Low","2023-02-10","2026-08-22","Influenza A virus","2026-10-09 11:01"
"California","Mono","ID:126","8200","CDC_Verily","1.0","Very Low","2023-05-24","2026-08-22","Influenza A virus","2026-10-09 11:01"
"California","Mono","ID:126","8200","CDC_Verily","10.84","High","2023-04-26","2026-08-22","SARS-CoV-2","2026-10-09 11:01"
"California","Mono","ID:126","8200","CDC_Verily","1.0","Very Low","2023-05-24","2026-08-22","RSV","2026-10-09 11:01"
"California","Monterey","ID:127","262000","WastewaterSCAN","18.97","Very High","2022-09-10","2026-08-22","SARS-CoV-2","2026-10-09 11:01"
"California","Monterey","ID:127","262000","WastewaterSCAN","2.02","Very Low","2023-02-05","2026-08-22","Influenza A virus","2026-10-09 11:01"
"California","Monterey","ID:127","262000","WastewaterSCAN","1.0","Very Low","2023-02-05","2026-08-22","RSV","2026-10-09 11:01"
"California","Monterey","ID:128","16000","CDC_Verily","5.71","Moderate","2023-05-22","2026-08-22","SARS-CoV-2","2026-10-09 11:01"
"California","Monterey","ID:128","16000","CDC_Verily","1.0","Very Low","2024-01-30","2026-08-22","RSV","2026-10-09 11:01"
"California","Monterey","ID:128","16000","CDC_Verily","1.0","Very Low","2024-01-30","2026-08-22","Influenza A virus","2026-10-09 11:01"
"California","Napa","ID:129","20256","State_Territory","1.0","Very Low","2023-05-15","2026-08-22","RSV","2026-10-09 11:01"
"California","Napa","ID:129","20256","State_Territory","8.44","Moderate","2023-03-13","2026-08-22","Influenza A virus","2026-10-09 11:01"
"California","Napa","ID:129","20256","State_Territory","11.46","High","2022-12-19","2026-08-22","SARS-CoV-2","2026-10-09 11:01"
"California","Napa","ID:130","83300","WastewaterSCAN","10.1","High","2022-11-07","2026-08-22","SARS-CoV-2","2026-10-09 11:01"
"California","Napa","ID:130","83300","WastewaterSCAN","1.44","Very Low","2022-12-05","2026-08-22","Influenza A virus","2026-10-09 11:01"
"California","Napa","ID:130","83300","WastewaterSCAN","1.0","Very Low","2022-12-05","2026-08-22","RSV","2026-10-09 11:01"
"California","El Dorado, Nevada, Placer","ID:131","50000","State_Territory","4.21","Low","2024-02-25","2026-08-22","SARS-CoV-2","2026-10-09 11:01"
"California","El Dorado, Nevada, Placer","ID:131","50000","State_Territory","1.0","Very Low","2024-03-24","2026-08-22","RSV","2026-10-09 11:01"
"California","El Dorado, Nevada, Placer","ID:131","50000","State_Territory","1.0","Very Low","2024-03-24","2026-08-22","Influenza A virus","2026-10-09 11:01"
"California","Orange","ID:135","1800000","State_Territory","1.84","Very Low","2023-03-12","2026-08-22","Influenza A virus","2026-10-09 11:01"
"California","Orange","ID:135","1800000","State_Territory","5.64","Moderate","2021-01-20","2026-08-22","SARS-CoV-2","2026-10-09 11:01"
"California","Orange","ID:135","1800000","State_Territory","1.47","Very Low","2023-05-14","2026-08-22","RSV","2026-10-09 11:01"
"California","Placer","ID:136","108444","State_Territory","5.48","Moderate","2023-10-31","2026-08-22","SARS-CoV-2","2026-10-09 11:01"
"California","Placer","ID:136","108444","State_Territory","1.0","Very Low","2023-11-28","2026-08-22","RSV","2026-10-09 11:01"
"California","Placer","ID:136","108444","State_Territory","1.51","Very Low","2023-11-28","2026-08-22","Influenza A virus","2026-10-09 11:01"
"California","Plumas","ID:137","4217","State_Territory","1.0","Very Low","2023-05-16","2026-08-22","RSV","2026-10-09 11:01"
"California","Plumas","ID:137","4217","State_Territory","1.0","Very Low","2023-03-14","2026-08-22","Influenza A virus","2026-10-09 11:01"
"California","Plumas","ID:137","4217","State_Territory","10.66","High","2022-10-18","2026-08-22","SARS-CoV-2","2026-10-09 11:01"
"California","Riverside","ID:138","350000","WastewaterSCAN","1.0","Very Low","2023-04-05","2026-08-22","Influenza A virus","2026-10-09 11:01"
"California","Riverside","ID:138","350000","WastewaterSCAN","13.67","Very High","2023-03-08","2026-08-22","SARS-CoV-2","2026-10-09 11:01"
"California","Riverside","ID:138","350000","WastewaterSCAN","1.0","Very Low","2023-04-05","2026-08-22","RSV","2026-10-09 11:01"
"California","Riverside","ID:139","91765","WastewaterSCAN","2.18","Very Low","2022-11-02","2026-08-22","Influenza A virus","2026-10-09 11:01"
"California","Riverside","ID:139","91765","WastewaterSCAN","1.0","Very Low","2022-11-02","2026-08-22","RSV","2026-10-09 11:01"
"California","Riverside","ID:139","91765","WastewaterSCAN","3.47","Low","2022-06-05","2026-08-22","SARS-CoV-2","2026-10-09 11:01"
"California","Sacramento","ID:140","1480000","WastewaterSCAN","11.23","High","2020-11-24","2026-08-22","SARS-CoV-2","2026-10-09 11:01"
"California","Sacramento","ID:140","1480000","WastewaterSCAN","1.9","Very Low","2023-04-30","2026-08-22","Influenza A virus","2026-10-09 11:01"
"California","Sacramento","ID:140","1480000","WastewaterSCAN","1.0","Very Low","2023-04-30","2026-08-22","RSV","2026-10-09 11:01"
"California","San Benito","ID:141","43000","CDC_Verily","25.38","Very High","2022-10-26","2026-08-22","SARS-CoV-2","2026-10-09 11:01"
"California","San Benito","ID:141","43000","CDC_Verily","1.0","Very Low","2022-11-23","2026-08-22","Influenza A virus","2026-10-09 11:01"
"California","San Benito","ID:141","43000","CDC_Verily","1.0","Very Low","2022-11-23","2026-08-22","RSV","2026-10-09 11:01"
"California","San Bernardino","ID:143","890000","WastewaterSCAN","1.0","Very Low","2022-07-04","2026-08-22","Influenza A virus","2026-10-09 11:01"
"California","San Bernardino","ID:143","890000","WastewaterSCAN","1.0","Very Low","2022-07-04","2026-08-22","RSV","2026-10-09 11:01"
"California","San Bernardino","ID:143","890000","WastewaterSCAN","7.14","Moderate","2022-06-06","2026-08-22","SARS-CoV-2","2026-10-09 11:01"
"California","San Bernardino","ID:144","325000","State_Territory","7.17","Moderate","2021-10-25","2026-08-22","SARS-CoV-2","2026-10-09 11:01"
"California","San Bernardino","ID:144","325000","State_Territory","1.0","Very Low","2023-05-15","2026-08-22","RSV","2026-10-09 11:01"
"California","San Bernardino","ID:144","325000","State_Territory","1.25","Very Low","2023-02-21","2026-08-22","Influenza A virus","2026-10-09 11:01"
"California","San Diego","ID:145","2200000","State_Territory, WastewaterSCAN","1.0","Very Low","2022-10-16","2026-08-22","Influenza A virus","2026-10-09 11:01"
"California","San Diego","ID:145","2200000","State_Territory, WastewaterSCAN","5.66","Moderate","2021-01-18","2026-08-22","SARS-CoV-2","2026-10-09 11:01"
"California","San Diego","ID:145","2200000","State_Territory, WastewaterSCAN","1.0","Very Low","2022-10-16","2026-08-22","RSV","2026-10-09 11:01"
"California","San Francisco, San Mateo","ID:147","250000","WastewaterSCAN","2.47","Low","2023-03-08","2026-08-22","Influenza A virus","2026-10-09 11:01"
"California","San Francisco, San Mateo","ID:147","250000","WastewaterSCAN","2.04","Low","2023-05-01","2026-08-22","RSV","2026-10-09 11:01"
"California","San Francisco, San Mateo","ID:147","250000","WastewaterSCAN","19.08","Very High","2020-11-17","2026-08-22","SARS-CoV-2","2026-10-09 11:01"
"California","San Francisco, San Mateo","ID:148","750000","State_Territory, WastewaterSCAN","7.2","Moderate","2020-11-17","2026-08-22","SARS-CoV-2","2026-10-09 11:01"
"California","San Francisco, San Mateo","ID:148","750000","State_Territory, WastewaterSCAN","2.96","Low","2023-03-08","2026-08-22","Influenza A virus","2026-10-09 11:01"
"California","San Francisco, San Mateo","ID:148","750000","State_Territory, WastewaterSCAN","2.08","Low","2023-05-01","2026-08-22","RSV","2026-10-09 11:01"
"California","San Joaquin","ID:155","68000","CDC_Verily","1.0","Very Low","2024-10-08","2026-08-22","RSV","2026-10-09 11:01"
"California","San Joaquin","ID:155","68000","CDC_Verily","1.0","Very Low","2024-10-08","2026-08-22","Influenza A virus","2026-10-09 11:01"
"California","San Joaquin","ID:155","68000","CDC_Verily","10.58","High","2023-03-06","2026-08-22","SARS-CoV-2","2026-10-09 11:01"
"California","San Joaquin","ID:157","29000","CDC_Verily","1.0","Very Low","2024-12-17","2026-08-22","RSV","2026-10-09 11:01"
"California","San Joaquin","ID:157","29000","CDC_Verily","1.45","Very Low","2024-12-17","2026-08-22","Influenza A virus","2026-10-09 11:01"
"California","San Joaquin","ID:157","29000","CDC_Verily","10.88","High","2023-02-28","2026-08-22","SARS-CoV-2","2026-10-09 11:01"
"California","San Luis Obispo","ID:160","6031","CDC_Verily","1.0","Very Low","2024-03-12","2026-08-22","RSV","2026-10-09 11:01"
"California","San Luis Obispo","ID:160","6031","CDC_Verily","5.69","Moderate","2022-11-23","2026-08-22","SARS-CoV-2","2026-10-09 11:01"
"California","San Luis Obispo","ID:160","6031","CDC_Verily","1.0","Very Low","2024-03-12","2026-08-22","Influenza A virus","2026-10-09 11:01"
"California","San Luis Obispo","ID:161","15000","CDC_Verily","1.0","Very Low","2024-05-21","2026-08-22","Influenza A virus","2026-10-09 11:01"
"California","San Luis Obispo","ID:161","15000","CDC_Verily","1.0","Very Low","2024-05-21","2026-08-22","RSV","2026-10-09 11:01"
"California","San Luis Obispo","ID:161","15000","CDC_Verily","5.0","Moderate","2023-01-18","2026-08-22","SARS-CoV-2","2026-10-09 11:01"
"California","San Luis Obispo","ID:162","14465","CDC_Verily","4.0","Low","2022-11-07","2026-08-22","SARS-CoV-2","2026-10-09 11:01"
"California","San Luis Obispo","ID:162","14465","CDC_Verily","1.0","Very Low","2024-02-15","2026-08-22","RSV","2026-10-09 11:01"
"California","San Luis Obispo","ID:162","14465","CDC_Verily","1.0","Very Low","2024-02-15","2026-08-22","Influenza A virus","2026-10-09 11:01"
"California","San Luis Obispo","ID:164","31037","WastewaterSCAN","6.74","Moderate","2022-02-22","2026-08-22","SARS-CoV-2","2026-10-09 11:01"
"California","San Luis Obispo","ID:164","31037","WastewaterSCAN","1.0","Very Low","2022-05-09","2026-08-22","RSV","2026-10-09 11:01"
"California","San Luis Obispo","ID:164","31037","WastewaterSCAN","1.0","Very Low","2022-05-09","2026-08-22","Influenza A virus","2026-10-09 11:01"
"California","San Luis Obispo","ID:165","47545","State_Territory","1.5","Very Low","2023-10-16","2026-08-22","RSV","2026-10-09 11:01"
"California","San Luis Obispo","ID:165","47545","State_Territory","3.18","Low","2022-07-26","2026-08-22","SARS-CoV-2","2026-10-09 11:01"
"California","San Luis Obispo","ID:165","47545","State_Territory","1.36","Very Low","2023-10-16","2026-08-22","Influenza A virus","2026-10-09 11:01"
"California","San Luis Obispo","ID:166","39000","CDC_Verily","1.0","Very Low","2024-02-13","2026-08-22","Influenza A virus","2026-10-09 11:01"
"California","San Luis Obispo","ID:166","39000","CDC_Verily","1.0","Very Low","2024-02-13","2026-08-22","RSV","2026-10-09 11:01"
"California","San Luis Obispo","ID:166","39000","CDC_Verily","5.78","Moderate","2022-06-13","2026-08-22","SARS-CoV-2","2026-10-09 11:01"
"California","San Mateo","ID:168","150000","CDC_Verily","4.05","Low","2022-08-17","2026-08-22","SARS-CoV-2","2026-10-09 11:01"
"California","San Mateo","ID:168","150000","CDC_Verily","1.41","Very Low","2022-09-14","2026-08-22","Influenza A virus","2026-10-09 11:01"
"California","San Mateo","ID:168","150000","CDC_Verily","1.0","Very Low","2022-09-14","2026-08-22","RSV","2026-10-09 11:01"
"California","San Mateo","ID:169","27000","CDC_Verily","3.77","Moderate","2022-07-06","2026-08-22","RSV","2026-10-09 11:01"
"California","San Mateo","ID:169","27000","CDC_Verily","1.58","Very Low","2022-07-06","2026-08-22","Influenza A virus","2026-10-09 11:01"
"California","San Mateo","ID:169","27000","CDC_Verily","6.35","Moderate","2022-06-08","2026-08-22","SARS-CoV-2","2026-10-09 11:01"
"California","San Mateo","ID:170","199000","WastewaterSCAN","1.91","Very Low","2023-05-01","2026-08-22","Influenza A virus","2026-10-09 11:01"
"California","San Mateo","ID:170","199000","WastewaterSCAN","7.6","Moderate","2020-11-25","2026-08-22","SARS-CoV-2","2026-10-09 11:01"
"California","San Mateo","ID:170","199000","WastewaterSCAN","1.36","Very Low","2023-05-01","2026-08-22","RSV","2026-10-09 11:01"
"California","Santa Barbara","ID:171","69290","WastewaterSCAN","1.0","Very Low","2022-10-10","2026-08-22","RSV","2026-10-09 11:01"
"California","Santa Barbara","ID:171","69290","WastewaterSCAN","1.0","Very Low","2022-10-10","2026-08-22","Influenza A virus","2026-10-09 11:01"
"California","Santa Barbara","ID:171","69290","WastewaterSCAN","15.39","Very High","2022-09-12","2026-08-22","SARS-CoV-2","2026-10-09 11:01"
"California","Santa Barbara","ID:172","77600","State_Territory","6.03","Moderate","2023-08-21","2026-08-22","SARS-CoV-2","2026-10-09 11:01"
"California","Santa Barbara","ID:172","77600","State_Territory","1.27","Very Low","2023-09-18","2026-08-22","RSV","2026-10-09 11:01"
"California","Santa Barbara","ID:172","77600","State_Territory","1.58","Very Low","2023-09-18","2026-08-22","Influenza A virus","2026-10-09 11:01"
"California","Santa Clara","ID:173","153000","WastewaterSCAN","2.42","Low","2023-05-01","2026-08-22","RSV","2026-10-09 11:01"
"California","Santa Clara","ID:173","153000","WastewaterSCAN","2.65","Low","2023-05-01","2026-08-22","Influenza A virus","2026-10-09 11:01"
"California","Santa Clara","ID:173","153000","WastewaterSCAN","11.96","Very High","2021-01-11","2026-08-22","SARS-CoV-2","2026-10-09 11:01"
"California","Santa Clara","ID:174","110338","WastewaterSCAN","15.38","Very High","2021-01-11","2026-08-22","SARS-CoV-2","2026-10-09 11:01"
"California","Del Norte","ID:100","15372","State_Territory","1.0","Very Low","2023-12-13","2026-08-22","RSV","2026-10-09 11:01"
"California","Del Norte","ID:100","15372","State_Territory","6.43","Moderate","2023-11-15","2026-08-22","SARS-CoV-2","2026-10-09 11:01"
"California","Del Norte","ID:100","15372","State_Territory","1.0","Very Low","2023-12-13","2026-08-22","Influenza A virus","2026-10-09 11:01"
"California","El Dorado","ID:101","30000","CDC_Verily","2.45","Very Low","2022-08-02","2026-08-22","SARS-CoV-2","2026-10-09 11:01"
"California","El Dorado","ID:101","30000","CDC_Verily","1.0","Very Low","2024-04-08","2026-08-22","RSV","2026-10-09 11:01"
"California","El Dorado","ID:101","30000","CDC_Verily","1.0","Very Low","2024-04-08","2026-08-22","Influenza A virus","2026-10-09 11:01"
"California","Humboldt","ID:103","45000","State_Territory","1.32","Very Low","2023-10-08","2026-08-22","Influenza A virus","2026-10-09 11:01"
"California","Humboldt","ID:103","45000","State_Territory","1.0","Very Low","2023-10-08","2026-08-22","RSV","2026-10-09 11:01"
"California","Humboldt","ID:103","45000","State_Territory","6.66","Moderate","2022-06-28","2026-08-22","SARS-CoV-2","2026-10-09 11:01"
"California","San Mateo","ID:168","150000","CDC_Verily","1.0","Very Low","2022-09-14","2026-08-15","RSV","2026-10-09 11:01"
"California","San Mateo","ID:168","150000","CDC_Verily","4.64","Low","2022-08-17","2026-08-15","SARS-CoV-2","2026-10-09 11:01"
"California","San Mateo","ID:169","27000","CDC_Verily","7.31","Moderate","2022-06-08","2026-08-15","SARS-CoV-2","2026-10-09 11:01"
"California","San Mateo","ID:169","27000","CDC_Verily","1.0","Very Low","2022-07-06","2026-08-15","Influenza A virus","2026-10-09 11:01"
"California","San Mateo","ID:169","27000","CDC_Verily","2.14","Low","2022-07-06","2026-08-15","RSV","2026-10-09 11:01"
"California","San Mateo","ID:170","199000","WastewaterSCAN","4.64","Low","2020-11-25","2026-08-15","SARS-CoV-2","2026-10-09 11:01"
"California","San Mateo","ID:170","199000","WastewaterSCAN","1.0","Very Low","2023-05-01","2026-08-15","RSV","2026-10-09 11:01"
"California","San Mateo","ID:170","199000","WastewaterSCAN","1.1","Very Low","2023-05-01","2026-08-15","Influenza A virus","2026-10-09 11:01"
"California","Santa Barbara","ID:171","69290","WastewaterSCAN","12.33","Very High","2022-09-12","2026-08-15","SARS-CoV-2","2026-10-09 11:01"
"California","Santa Barbara","ID:171","69290","WastewaterSCAN","1.0","Very Low","2022-10-10","2026-08-15","Influenza A virus","2026-10-09 11:01"
"California","Santa Barbara","ID:171","69290","WastewaterSCAN","1.0","Very Low","2022-10-10","2026-08-15","RSV","2026-10-09 11:01"
"California","Santa Barbara","ID:172","77600","State_Territory","1.48","Very Low","2023-09-18","2026-08-15","Influenza A virus","2026-10-09 11:01"
"California","Santa Barbara","ID:172","77600","State_Territory","2.11","Low","2023-09-18","2026-08-15","RSV","2026-10-09 11:01"
"California","Santa Barbara","ID:172","77600","State_Territory","4.49","Low","2023-08-21","2026-08-15","SARS-CoV-2","2026-10-09 11:01"
"California","Santa Clara","ID:173","153000","WastewaterSCAN","1.0","Very Low","2023-05-01","2026-08-15","RSV","2026-10-09 11:01"
"California","Santa Clara","ID:173","153000","WastewaterSCAN","2.08","Very Low","2023-05-01","2026-08-15","Influenza A virus","2026-10-09 11:01"
"California","Santa Clara","ID:173","153000","WastewaterSCAN","9.29","High","2021-01-11","2026-08-15","SARS-CoV-2","2026-10-09 11:01"
"California","Santa Clara","ID:174","110338","WastewaterSCAN","1.0","Very Low","2023-05-01","2026-08-15","RSV","2026-10-09 11:01"
"California","Santa Clara","ID:174","110338","WastewaterSCAN","12.96","Very High","2021-01-11","2026-08-15","SARS-CoV-2","2026-10-09 11:01"
"California","Santa Clara","ID:174","110338","WastewaterSCAN","1.0","Very Low","2023-05-01","2026-08-15","Influenza A virus","2026-10-09 11:01"
"California","Santa Clara","ID:175","236000","WastewaterSCAN","1.84","Low","2023-04-30","2026-08-15","RSV","2026-10-09 11:01"
"California","Santa Clara","ID:175","236000","WastewaterSCAN","3.71","Low","2023-04-30","2026-08-15","Influenza A virus","2026-10-09 11:01"
"California","Santa Clara","ID:175","236000","WastewaterSCAN","6.05","Moderate","2020-11-13","2026-08-15","SARS-CoV-2","2026-10-09 11:01"
"California","Santa Clara","ID:176","1500000","WastewaterSCAN","1.71","Very Low","2023-04-30","2026-08-15","Influenza A virus","2026-10-09 11:01"
"California","Santa Clara","ID:176","1500000","WastewaterSCAN","8.48","High","2020-04-29","2026-08-15","SARS-CoV-2","2026-10-09 11:01"
"California","Santa Clara","ID:176","1500000","WastewaterSCAN","2.31","Low","2023-04-30","2026-08-15","RSV","2026-10-09 11:01"
"California","Santa Cruz","ID:177","164000","CDC_Verily","2.47","Very Low","2022-06-28","2026-08-15","SARS-CoV-2","2026-10-09 11:01"
"California","Santa Cruz","ID:177","164000","CDC_Verily","1.0","Very Low","2024-05-19","2026-08-15","RSV","2026-10-09 11:01"
"California","Santa Cruz","ID:177","164000","CDC_Verily","1.0","Very Low","2024-05-19","2026-08-15","Influenza A virus","2026-10-09 11:01"
"California","Santa Cruz","ID:178","94000","CDC_Verily","1.0","Very Low","2022-06-12","2026-08-15","RSV","2026-10-09 11:01"
"California","Santa Cruz","ID:178","94000","CDC_Verily","2.11","Very Low","2022-05-15","2026-08-15","SARS-CoV-2","2026-10-09 11:01"
"California","Santa Cruz","ID:178","94000","CDC_Verily","1.0","Very Low","2022-06-12","2026-08-15","Influenza A virus","2026-10-09 11:01"
"California","Santa Cruz","ID:179","160000","WastewaterSCAN","1.0","Very Low","2022-06-12","2026-08-15","Influenza A virus","2026-10-09 11:01"
"California","Santa Cruz","ID:179","160000","WastewaterSCAN","10.73","High","2022-05-15","2026-08-15","SARS-CoV-2","2026-10-09 11:01"
"California","Santa Cruz","ID:179","160000","WastewaterSCAN","1.0","Very Low","2022-06-12","2026-08-15","RSV","2026-10-09 11:01"
"California","Shasta","ID:182","60000","State_Territory","3.28","Low","2023-10-02","2026-08-15","SARS-CoV-2","2026-10-09 11:01"
"California","Shasta","ID:182","60000","State_Territory","1.0","Very Low","2023-10-30","2026-08-15","Influenza A virus","2026-10-09 11:01"
"California","Shasta","ID:182","60000","State_Territory","1.0","Very Low","2023-10-30","2026-08-15","RSV","2026-10-09 11:01"
"California","Solano","ID:183","121000","WastewaterSCAN","8.07","High","2022-11-01","2026-08-15","SARS-CoV-2","2026-10-09 11:01"
"California","Solano","ID:183","121000","WastewaterSCAN","1.0","Very Low","2022-11-29","2026-08-15","Influenza A virus","2026-10-09 11:01"
"California","Solano","ID:183","121000","WastewaterSCAN","1.0","Very Low","2022-11-29","2026-08-15","RSV","2026-10-09 11:01"
"California","Sonoma","ID:184","230000","WastewaterSCAN","1.0","Very Low","2022-10-20","2026-08-15","RSV","2026-10-09 11:01"
"California","Sonoma","ID:184","230000","WastewaterSCAN","1.0","Very Low","2022-10-20","2026-08-15","Influenza A virus","2026-10-09 11:01"
"California","Sonoma","ID:184","230000","WastewaterSCAN","4.27","Low","2022-06-19","2026-08-15","SARS-CoV-2","2026-10-09 11:01"
"California","Sonoma","ID:186","28000","CDC_Verily","1.0","Very Low","2023-02-24","2026-08-15","RSV","2026-10-09 11:01"
"California","Sonoma","ID:186","28000","CDC_Verily","28.21","Very High","2023-01-27","2026-08-15","SARS-CoV-2","2026-10-09 11:01"
"California","Sonoma","ID:186","28000","CDC_Verily","1.0","Very Low","2023-02-24","2026-08-15","Influenza A virus","2026-10-09 11:01"
"California","Stanislaus","ID:187","230000","CDC_Verily","12.33","Very High","2021-12-01","2026-08-15","SARS-CoV-2","2026-10-09 11:01"
"California","Stanislaus","ID:187","230000","CDC_Verily","1.0","Very Low","2023-02-13","2026-08-15","Influenza A virus","2026-10-09 11:01"
"California","Stanislaus","ID:187","230000","CDC_Verily","1.0","Very Low","2023-02-13","2026-08-15","RSV","2026-10-09 11:01"
"California","Stanislaus","ID:188","86000","WastewaterSCAN","1.0","Very Low","2023-02-10","2026-08-15","RSV","2026-10-09 11:01"
"California","Stanislaus","ID:188","86000","WastewaterSCAN","11.68","Very High","2022-06-10","2026-08-15","SARS-CoV-2","2026-10-09 11:01"
"California","Stanislaus","ID:188","86000","WastewaterSCAN","1.0","Very Low","2023-02-10","2026-08-15","Influenza A virus","2026-10-09 11:01"
"California","Sutter","ID:189","70000","State_Territory","1.22","Very Low","2023-02-08","2026-08-15","Influenza A virus","2026-10-09 11:01"
"California","Sutter","ID:189","70000","State_Territory","1.28","Very Low","2023-02-08","2026-08-15","RSV","2026-10-09 11:01"
"California","Sutter","ID:189","70000","State_Territory","2.2","Very Low","2023-01-11","2026-08-15","SARS-CoV-2","2026-10-09 11:01"
"California","Ventura","ID:190","250000","CDC_Verily, State_Territory","1.0","Very Low","2023-04-04","2026-08-15","Influenza A virus","2026-10-09 11:01"
"California","Ventura","ID:190","250000","CDC_Verily, State_Territory","1.35","Very Low","2023-04-04","2026-08-15","RSV","2026-10-09 11:01"
"California","Ventura","ID:190","250000","CDC_Verily, State_Territory","8.55","High","2021-05-05","2026-08-15","SARS-CoV-2","2026-10-09 11:01"
"California","Yolo","ID:193","68000","WastewaterSCAN","1.48","Very Low","2023-04-03","2026-08-15","RSV","2026-10-09 11:01"
"California","Yolo","ID:193","68000","WastewaterSCAN","7.89","Moderate","2021-01-04","2026-08-15","SARS-CoV-2","2026-10-09 11:01"
"California","Yolo","ID:193","68000","WastewaterSCAN","2.13","Very Low","2023-04-03","2026-08-15","Influenza A virus","2026-10-09 11:01"
"California","Yolo","ID:194","59000","WastewaterSCAN","1.0","Very Low","2023-02-10","2026-08-15","Influenza A virus","2026-10-09 11:01"
"California","Yolo","ID:194","59000","WastewaterSCAN","1.0","Very Low","2023-02-10","2026-08-15","RSV","2026-10-09 11:01"
"California","Yolo","ID:194","59000","WastewaterSCAN","8.74","High","2022-06-10","2026-08-15","SARS-CoV-2","2026-10-09 11:01"
"California","Nevada","ID:2199","13754","CDC_Verily","0.86","Very Low","2024-06-04","2026-08-15","SARS-CoV-2","2026-10-09 11:01"
"California","Nevada","ID:2199","13754","CDC_Verily","1.0","Very Low","2024-07-02","2026-08-15","RSV","2026-10-09 11:01"
"California","Nevada","ID:2199","13754","CDC_Verily","1.0","Very Low","2024-07-02","2026-08-15","Influenza A virus","2026-10-09 11:01"
"California","El Dorado","ID:2346","125000","CDC_Verily","1.0","Very Low","2025-08-26","2026-08-15","RSV","2026-10-09 11:01"
"California","El Dorado","ID:2346","125000","CDC_Verily","3.65","Low","2025-07-29","2026-08-15","SARS-CoV-2","2026-10-09 11:01"
"California","El Dorado","ID:2346","125000","CDC_Verily","1.0","Very Low","2025-08-26","2026-08-15","Influenza A virus","2026-10-09 11:01"
"California","Santa Barbara","ID:2347","97000","CDC_Verily","1.0","Very Low","2023-06-26","2026-08-15","Influenza A virus","2026-10-09 11:01"
"California","Santa Barbara","ID:2347","97000","CDC_Verily","4.02","Low","2023-05-29","2026-08-15","SARS-CoV-2","2026-10-09 11:01"
"California","Santa Barbara","ID:2347","97000","CDC_Verily","1.0","Very Low","2023-06-26","2026-08-15","RSV","2026-10-09 11:01"
"California","Solano","ID:2365","155000","CDC_Verily","1.0","Very Low","2024-12-01","2026-08-15","RSV","2026-10-09 11:01"
"California","Solano","ID:2365","155000","CDC_Verily","7.3","Moderate","2024-11-03","2026-08-15","SARS-CoV-2","2026-10-09 11:01"
"California","Solano","ID:2365","155000","CDC_Verily","1.0","Very Low","2024-12-01","2026-08-15","Influenza A virus","2026-10-09 11:01"
"California","Shasta","ID:2380","29000","State_Territory","7.31","Moderate","2023-10-10","2026-08-15","SARS-CoV-2","2026-10-09 11:01"
"California","Shasta","ID:2380","29000","State_Territory","1.0","Very Low","2023-11-07","2026-08-15","RSV","2026-10-09 11:01"
"California","Shasta","ID:2380","29000","State_Territory","1.0","Very Low","2023-11-07","2026-08-15","Influenza A virus","2026-10-09 11:01"
"California","Madera","ID:2453","60000","CDC_Verily","1.0","Very Low","2025-05-23","2026-08-15","RSV","2026-10-09 11:01"
"California","Madera","ID:2453","60000","CDC_Verily","1.0","Very Low","2025-05-23","2026-08-15","Influenza A virus","2026-10-09 11:01"
"California","Madera","ID:2453","60000","CDC_Verily","4.29","Low","2025-04-25","2026-08-15","SARS-CoV-2","2026-10-09 11:01"
"California","Alameda","ID:2571","342000","WastewaterSCAN","1.0","Very Low","2025-06-11","2026-08-15","Influenza A virus","2026-10-09 11:01"
"California","Alameda","ID:2571","342000","WastewaterSCAN","8.43","High","2025-05-14","2026-08-15","SARS-CoV-2","2026-10-09 11:01"
"California","Alameda","ID:2571","342000","WastewaterSCAN","1.0","Very Low","2025-06-11","2026-08-15","RSV","2026-10-09 11:01"
"California","Alameda","ID:2572","150000","WastewaterSCAN","2.15","Low","2025-06-25","2026-08-15","RSV","2026-10-09 11:01"
"California","Alameda","ID:2572","150000","WastewaterSCAN","1.0","Very Low","2025-06-25","2026-08-15","Influenza A virus","2026-10-09 11:01"
"California","Alameda","ID:2572","150000","WastewaterSCAN","8.65","High","2025-05-28","2026-08-15","SARS-CoV-2","2026-10-09 11:01"
"California","Alameda","ID:2573","160000","WastewaterSCAN","1.0","Very Low","2025-08-18","2026-08-15","Influenza A virus","2026-10-09 11:01"
"California","Alameda","ID:2573","160000","WastewaterSCAN","8.05","High","2025-07-21","2026-08-15","SARS-CoV-2","2026-10-09 11:01"
"California","Alameda","ID:2573","160000","WastewaterSCAN","1.0","Very Low","2025-08-18","2026-08-15","RSV","2026-10-09 11:01"
"California","Alameda","ID:2601","95000","WastewaterSCAN","18.65","Very High","2025-11-17","2026-08-15","SARS-CoV-2","2026-10-09 11:01"
"California","Alameda","ID:2601","95000","WastewaterSCAN","2.24","Very Low","2025-12-15","2026-08-15","Influenza A virus","2026-10-09 11:01"
"California","Alameda","ID:2601","95000","WastewaterSCAN","1.0","Very Low","2025-12-15","2026-08-15","RSV","2026-10-09 11:01"
"California","Alameda","ID:93","60000","CDC_Verily","1.0","Very Low","2022-12-06","2026-08-15","RSV","2026-10-09 11:01"
"California","Alameda","ID:93","60000","CDC_Verily","1.78","Very Low","2022-12-06","2026-08-15","Influenza A virus","2026-10-09 11:01"
"California","Alameda","ID:93","60000","CDC_Verily","6.7","Moderate","2022-07-04","2026-08-15","SARS-CoV-2","2026-10-09 11:01"
"California","Alameda, Contra Costa","ID:94","740000","State_Territory","2.0","Low","2022-05-10","2026-08-15","RSV","2026-10-09 11:01"
"California","Alameda, Contra Costa","ID:94","740000","State_Territory","1.0","Very Low","2022-05-10","2026-08-15","Influenza A virus","2026-10-09 11:01"
"California","Alameda, Contra Costa","ID:94","740000","State_Territory","8.49","High","2021-05-19","2026-08-15","SARS-CoV-2","2026-10-09 11:01"
"California","Butte","ID:95","44000","State_Territory","1.0","Very Low","2023-10-02","2026-08-15","RSV","2026-10-09 11:01"
"California","Butte","ID:95","44000","State_Territory","2.21","Very Low","2023-09-04","2026-08-15","SARS-CoV-2","2026-10-09 11:01"
"California","Butte","ID:95","44000","State_Territory","1.0","Very Low","2023-10-02","2026-08-15","Influenza A virus","2026-10-09 11:01"
"California","Butte","ID:96","101299","State_Territory","1.0","Very Low","2023-11-14","2026-08-15","Influenza A virus","2026-10-09 11:01"
"California","Butte","ID:96","101299","State_Territory","1.0","Very Low","2023-11-14","2026-08-15","RSV","2026-10-09 11:01"
"California","Butte","ID:96","101299","State_Territory","5.52","Moderate","2023-10-17","2026-08-15","SARS-CoV-2","2026-10-09 11:01"
"California","Contra Costa","ID:97","495000","CDC_Verily, State_Territory","1.0","Very Low","2022-05-30","2026-08-15","RSV","2026-10-09 11:01"
"California","Contra Costa","ID:97","495000","CDC_Verily, State_Territory","1.0","Very Low","2022-05-30","2026-08-15","Influenza A virus","2026-10-09 11:01"
"California","Contra Costa","ID:97","495000","CDC_Verily, State_Territory","5.28","Moderate","2020-12-28","2026-08-15","SARS-CoV-2","2026-10-09 11:01"
"California","Contra Costa","ID:98","218281","State_Territory","2.93","Low","2022-06-20","2026-08-15","SARS-CoV-2","2026-10-09 11:01"
"California","Contra Costa","ID:98","218281","State_Territory","1.0","Very Low","2023-09-04","2026-08-15","RSV","2026-10-09 11:01"
"California","Contra Costa","ID:98","218281","State_Territory","1.0","Very Low","2023-09-04","2026-08-15","Influenza A virus","2026-10-09 11:01"
"California","Contra Costa","ID:99","102000","CDC_Verily","8.83","High","2022-06-21","2026-08-15","SARS-CoV-2","2026-10-09 11:01"
"California","Contra Costa","ID:99","102000","CDC_Verily","1.0","Very Low","2022-07-19","2026-08-15","RSV","2026-10-09 11:01"
"California","Contra Costa","ID:99","102000","CDC_Verily","1.0","Very Low","2022-07-19","2026-08-15","Influenza A virus","2026-10-09 11:01"
"California","Del Norte","ID:100","15372","State_Territory","6.61","Moderate","2023-11-15","2026-08-15","SARS-CoV-2","2026-10-09 11:01"
"California","Del Norte","ID:100","15372","State_Territory","1.0","Very Low","2023-12-13","2026-08-15","RSV","2026-10-09 11:01"
"California","Del Norte","ID:100","15372","State_Territory","1.73","Very Low","2023-12-13","2026-08-15","Influenza A virus","2026-10-09 11:01"
"California","El Dorado","ID:101","30000","CDC_Verily","1.0","Very Low","2024-04-08","2026-08-15","Influenza A virus","2026-10-09 11:01"
"California","El Dorado","ID:101","30000","CDC_Verily","2.13","Very Low","2022-08-02","2026-08-15","SARS-CoV-2","2026-10-09 11:01"
"California","El Dorado","ID:101","30000","CDC_Verily","1.0","Very Low","2024-04-08","2026-08-15","RSV","2026-10-09 11:01"
"California","Fresno","ID:102","650000","State_Territory","1.0","Very Low","2023-05-14","2026-08-15","RSV","2026-10-09 11:01"
"California","Fresno","ID:102","650000","State_Territory","11.28","High","2021-12-29","2026-08-15","SARS-CoV-2","2026-10-09 11:01"
"California","Fresno","ID:102","650000","State_Territory","1.0","Very Low","2023-03-05","2026-08-15","Influenza A virus","2026-10-09 11:01"
"California","Humboldt","ID:103","45000","State_Territory","1.0","Very Low","2023-10-08","2026-08-15","RSV","2026-10-09 11:01"
"California","Humboldt","ID:103","45000","State_Territory","1.0","Very Low","2023-10-08","2026-08-15","Influenza A virus","2026-10-09 11:01"
"California","Humboldt","ID:103","45000","State_Territory","5.78","Moderate","2022-06-28","2026-08-15","SARS-CoV-2","2026-10-09 11:01"
"California","Kern","ID:106","168750","State_Territory","1.0","Very Low","2023-05-16","2026-08-15","RSV","2026-10-09 11:01"
"California","Kern","ID:106","168750","State_Territory","5.57","Moderate","2021-10-20","2026-08-15","SARS-CoV-2","2026-10-09 11:01"
"California","Kern","ID:106","168750","State_Territory","1.87","Very Low","2023-02-21","2026-08-15","Influenza A virus","2026-10-09 11:01"
"California","Kings","ID:108","56000","State_Territory","1.0","Very Low","2023-04-25","2026-08-15","Influenza A virus","2026-10-09 11:01"
"California","Kings","ID:108","56000","State_Territory","1.0","Very Low","2023-04-25","2026-08-15","RSV","2026-10-09 11:01"
"California","Kings","ID:108","56000","State_Territory","12.34","Very High","2022-07-19","2026-08-15","SARS-CoV-2","2026-10-09 11:01"
"California","Lake","ID:111","13200","State_Territory","7.24","Moderate","2022-03-21","2026-08-15","SARS-CoV-2","2026-10-09 11:01"
"California","Lake","ID:111","13200","State_Territory","1.0","Very Low","2023-03-02","2026-08-15","Influenza A virus","2026-10-09 11:01"
"California","Lake","ID:111","13200","State_Territory","1.0","Very Low","2023-05-11","2026-08-15","RSV","2026-10-09 11:01"
"California","Los Angeles","ID:112","200000","CDC_Verily","1.0","Very Low","2022-11-21","2026-08-15","RSV","2026-10-09 11:01"
"California","Los Angeles","ID:112","200000","CDC_Verily","1.0","Very Low","2022-11-21","2026-08-15","Influenza A virus","2026-10-09 11:01"
"California","Los Angeles","ID:112","200000","CDC_Verily","3.6","Low","2022-07-04","2026-08-15","SARS-CoV-2","2026-10-09 11:01"
"California","Los Angeles, Ventura","ID:113","4000000","State_Territory, WastewaterSCAN","1.0","Very Low","2022-11-06","2026-08-15","RSV","2026-10-09 11:01"
"California","Los Angeles, Ventura","ID:113","4000000","State_Territory, WastewaterSCAN","1.0","Very Low","2022-11-06","2026-08-15","Influenza A virus","2026-10-09 11:01"
"California","Los Angeles, Ventura","ID:113","4000000","State_Territory, WastewaterSCAN","8.06","High","2021-01-20","2026-08-15","SARS-CoV-2","2026-10-09 11:01"
"California","Los Angeles","ID:114","3500000","State_Territory, WastewaterSCAN","5.06","Moderate","2020-06-01","2026-08-15","SARS-CoV-2","2026-10-09 11:01"
"California","Los Angeles","ID:114","3500000","State_Territory, WastewaterSCAN","1.0","Very Low","2022-05-08","2026-08-15","Influenza A virus","2026-10-09 11:01"
"California","Los Angeles","ID:114","3500000","State_Territory, WastewaterSCAN","1.0","Very Low","2022-05-08","2026-08-15","RSV","2026-10-09 11:01"
"California","Los Angeles, Ventura","ID:115","75000","CDC_Verily","2.48","Very Low","2022-07-11","2026-08-15","SARS-CoV-2","2026-10-09 11:01"
"California","Los Angeles, Ventura","ID:115","75000","CDC_Verily","1.0","Very Low","2024-01-30","2026-08-15","RSV","2026-10-09 11:01"
"California","Los Angeles, Ventura","ID:115","75000","CDC_Verily","1.0","Very Low","2024-01-30","2026-08-15","Influenza A virus","2026-10-09 11:01"
"California","Marin","ID:118","104250","WastewaterSCAN","12.77","Very High","2022-10-03","2026-08-15","SARS-CoV-2","2026-10-09 11:01"
"California","Marin","ID:118","104250","WastewaterSCAN","1.0","Very Low","2022-10-31","2026-08-15","RSV","2026-10-09 11:01"
"California","Marin","ID:118","104250","WastewaterSCAN","1.0","Very Low","2022-10-31","2026-08-15","Influenza A virus","2026-10-09 11:01"
"California","Marin","ID:120","30000","CDC_Verily","1.0","Very Low","2022-10-17","2026-08-15","RSV","2026-10-09 11:01"
"California","Marin","ID:120","30000","CDC_Verily","4.18","Low","2022-09-19","2026-08-15","SARS-CoV-2","2026-10-09 11:01"
"California","Marin","ID:120","30000","CDC_Verily","1.0","Very Low","2022-10-17","2026-08-15","Influenza A virus","2026-10-09 11:01"
"California","Marin","ID:121","53000","WastewaterSCAN","1.0","Very Low","2022-08-29","2026-08-15","RSV","2026-10-09 11:01"
"California","Marin","ID:121","53000","WastewaterSCAN","1.0","Very Low","2022-08-29","2026-08-15","Influenza A virus","2026-10-09 11:01"
"California","Marin","ID:121","53000","WastewaterSCAN","12.69","Very High","2022-08-01","2026-08-15","SARS-CoV-2","2026-10-09 11:01"
"California","Merced","ID:125","91000","WastewaterSCAN","1.0","Very Low","2023-02-10","2026-08-15","Influenza A virus","2026-10-09 11:01"
"California","Merced","ID:125","91000","WastewaterSCAN","1.0","Very Low","2023-02-10","2026-08-15","RSV","2026-10-09 11:01"
"California","Merced","ID:125","91000","WastewaterSCAN","14.95","Very High","2021-12-01","2026-08-15","SARS-CoV-2","2026-10-09 11:01"
"California","Mono","ID:126","8200","CDC_Verily","7.81","Moderate","2023-04-26","2026-08-15","SARS-CoV-2","2026-10-09 11:01"
"California","Mono","ID:126","8200","CDC_Verily","1.0","Very Low","2023-05-24","2026-08-15","RSV","2026-10-09 11:01"
"California","Mono","ID:126","8200","CDC_Verily","1.0","Very Low","2023-05-24","2026-08-15","Influenza A virus","2026-10-09 11:01"
"California","Monterey","ID:127","262000","WastewaterSCAN","1.0","Very Low","2023-02-05","2026-08-15","Influenza A virus","2026-10-09 11:01"
"California","Monterey","ID:127","262000","WastewaterSCAN","1.0","Very Low","2023-02-05","2026-08-15","RSV","2026-10-09 11:01"
"California","Monterey","ID:127","262000","WastewaterSCAN","14.64","Very High","2022-09-10","2026-08-15","SARS-CoV-2","2026-10-09 11:01"
"California","Monterey","ID:128","16000","CDC_Verily","1.0","Very Low","2024-01-30","2026-08-15","RSV","2026-10-09 11:01"
"California","Monterey","ID:128","16000","CDC_Verily","10.22","High","2023-05-22","2026-08-15","SARS-CoV-2","2026-10-09 11:01"
"California","Monterey","ID:128","16000","CDC_Verily","1.57","Very Low","2024-01-30","2026-08-15","Influenza A virus","2026-10-09 11:01"
"California","Napa","ID:129","20256","State_Territory","10.45","High","2022-12-19","2026-08-15","SARS-CoV-2","2026-10-09 11:01"
"California","Napa","ID:129","20256","State_Territory","1.0","Very Low","2023-05-15","2026-08-15","RSV","2026-10-09 11:01"
"California","Napa","ID:129","20256","State_Territory","3.51","Low","2023-03-13","2026-08-15","Influenza A virus","2026-10-09 11:01"
"California","Napa","ID:130","83300","WastewaterSCAN","1.0","Very Low","2022-12-05","2026-08-15","RSV","2026-10-09 11:01"
"California","Napa","ID:130","83300","WastewaterSCAN","3.76","Low","2022-11-07","2026-08-15","SARS-CoV-2","2026-10-09 11:01"
"California","Napa","ID:130","83300","WastewaterSCAN","1.0","Very Low","2022-12-05","2026-08-15","Influenza A virus","2026-10-09 11:01"
"California","El Dorado, Nevada, Placer","ID:131","50000","State_Territory","1.0","Very Low","2024-03-24","2026-08-15","Influenza A virus","2026-10-09 11:01"
"California","El Dorado, Nevada, Placer","ID:131","50000","State_Territory","5.38","Moderate","2024-02-25","2026-08-15","SARS-CoV-2","2026-10-09 11:01"
"California","El Dorado, Nevada, Placer","ID:131","50000","State_Territory","1.0","Very Low","2024-03-24","2026-08-15","RSV","2026-10-09 11:01"
"California","Orange","ID:135","1800000","State_Territory","1.0","Very Low","2023-03-12","2026-08-15","Influenza A virus","2026-10-09 11:01"
"California","Orange","ID:135","1800000","State_Territory","1.3","Very Low","2023-05-14","2026-08-15","RSV","2026-10-09 11:01"
"California","Orange","ID:135","1800000","State_Territory","4.97","Moderate","2021-01-20","2026-08-15","SARS-CoV-2","2026-10-09 11:01"
"California","Placer","ID:136","108444","State_Territory","1.0","Very Low","2023-11-28","2026-08-15","Influenza A virus","2026-10-09 11:01"
"California","Placer","ID:136","108444","State_Territory","1.0","Very Low","2023-11-28","2026-08-15","RSV","2026-10-09 11:01"
"California","Placer","ID:136","108444","State_Territory","3.11","Low","2023-10-31","2026-08-15","SARS-CoV-2","2026-10-09 11:01"
"California","Plumas","ID:137","4217","State_Territory","1.0","Very Low","2023-03-14","2026-08-15","Influenza A virus","2026-10-09 11:01"
"California","Plumas","ID:137","4217","State_Territory","1.0","Very Low","2023-05-16","2026-08-15","RSV","2026-10-09 11:01"
"California","Plumas","ID:137","4217","State_Territory","10.98","High","2022-10-18","2026-08-15","SARS-CoV-2","2026-10-09 11:01"
"California","Riverside","ID:138","350000","WastewaterSCAN","12.04","Very High","2023-03-08","2026-08-15","SARS-CoV-2","2026-10-09 11:01"
"California","Riverside","ID:138","350000","WastewaterSCAN","1.0","Very Low","2023-04-05","2026-08-15","Influenza A virus","2026-10-09 11:01"
"California","Riverside","ID:138","350000","WastewaterSCAN","1.0","Very Low","2023-04-05","2026-08-15","RSV","2026-10-09 11:01"
"California","Riverside","ID:139","91765","WastewaterSCAN","2.77","Low","2022-11-02","2026-08-15","Influenza A virus","2026-10-09 11:01"
"California","Riverside","ID:139","91765","WastewaterSCAN","7.43","Moderate","2022-06-05","2026-08-15","SARS-CoV-2","2026-10-09 11:01"
"California","Riverside","ID:139","91765","WastewaterSCAN","1.0","Very Low","2022-11-02","2026-08-15","RSV","2026-10-09 11:01"
"California","Sacramento","ID:140","1480000","WastewaterSCAN","7.71","Moderate","2020-11-24","2026-08-15","SARS-CoV-2","2026-10-09 11:01"
"California","Sacramento","ID:140","1480000","WastewaterSCAN","1.97","Very Low","2023-04-30","2026-08-15","Influenza A virus","2026-10-09 11:01"
"California","Sacramento","ID:140","1480000","WastewaterSCAN","1.33","Very Low","2023-04-30","2026-08-15","RSV","2026-10-09 11:01"
"California","San Benito","ID:141","43000","CDC_Verily","1.0","Very Low","2022-11-23","2026-08-15","RSV","2026-10-09 11:01"
"California","San Benito","ID:141","43000","CDC_Verily","1.0","Very Low","2022-11-23","2026-08-15","Influenza A virus","2026-10-09 11:01"
"California","San Benito","ID:141","43000","CDC_Verily","9.01","High","2022-10-26","2026-08-15","SARS-CoV-2","2026-10-09 11:01"
"California","San Bernardino","ID:143","890000","WastewaterSCAN","1.0","Very Low","2022-07-04","2026-08-15","RSV","2026-10-09 11:01"
"California","San Bernardino","ID:143","890000","WastewaterSCAN","1.0","Very Low","2022-07-04","2026-08-15","Influenza A virus","2026-10-09 11:01"
"California","San Bernardino","ID:143","890000","WastewaterSCAN","6.31","Moderate","2022-06-06","2026-08-15","SARS-CoV-2","2026-10-09 11:01"
"California","San Bernardino","ID:144","325000","State_Territory","4.53","Low","2021-10-25","2026-08-15","SARS-CoV-2","2026-10-09 11:01"
"California","San Bernardino","ID:144","325000","State_Territory","1.0","Very Low","2023-05-15","2026-08-15","RSV","2026-10-09 11:01"
"California","San Bernardino","ID:144","325000","State_Territory","1.0","Very Low","2023-02-21","2026-08-15","Influenza A virus","2026-10-09 11:01"
"California","San Diego","ID:145","2200000","State_Territory, WastewaterSCAN","1.0","Very Low","2022-10-16","2026-08-15","RSV","2026-10-09 11:01"
"California","San Diego","ID:145","2200000","State_Territory, WastewaterSCAN","5.63","Moderate","2021-01-18","2026-08-15","SARS-CoV-2","2026-10-09 11:01"
"California","San Diego","ID:145","2200000","State_Territory, WastewaterSCAN","1.36","Very Low","2022-10-16","2026-08-15","Influenza A virus","2026-10-09 11:01"
"California","San Francisco, San Mateo","ID:147","250000","WastewaterSCAN","1.64","Very Low","2023-03-08","2026-08-15","Influenza A virus","2026-10-09 11:01"
"California","San Francisco, San Mateo","ID:147","250000","WastewaterSCAN","1.96","Low","2023-05-01","2026-08-15","RSV","2026-10-09 11:01"
"California","San Francisco, San Mateo","ID:147","250000","WastewaterSCAN","10.8","High","2020-11-17","2026-08-15","SARS-CoV-2","2026-10-09 11:01"
"California","San Francisco, San Mateo","ID:148","750000","State_Territory, WastewaterSCAN","4.97","Moderate","2020-11-17","2026-08-15","SARS-CoV-2","2026-10-09 11:01"
"California","San Francisco, San Mateo","ID:148","750000","State_Territory, WastewaterSCAN","1.11","Very Low","2023-05-01","2026-08-15","RSV","2026-10-09 11:01"
"California","San Francisco, San Mateo","ID:148","750000","State_Territory, WastewaterSCAN","1.84","Very Low","2023-03-08","2026-08-15","Influenza A virus","2026-10-09 11:01"
"California","San Joaquin","ID:155","68000","CDC_Verily","1.0","Very Low","2024-10-08","2026-08-15","Influenza A virus","2026-10-09 11:01"
"California","San Joaquin","ID:155","68000","CDC_Verily","6.19","Moderate","2023-03-06","2026-08-15","SARS-CoV-2","2026-10-09 11:01"
"California","San Joaquin","ID:155","68000","CDC_Verily","1.0","Very Low","2024-10-08","2026-08-15","RSV","2026-10-09 11:01"
"California","San Joaquin","ID:157","29000","CDC_Verily","7.75","Moderate","2023-02-28","2026-08-15","SARS-CoV-2","2026-10-09 11:01"
"California","San Joaquin","ID:157","29000","CDC_Verily","1.0","Very Low","2024-12-17","2026-08-15","RSV","2026-10-09 11:01"
"California","San Joaquin","ID:157","29000","CDC_Verily","1.0","Very Low","2024-12-17","2026-08-15","Influenza A virus","2026-10-09 11:01"
"California","San Luis Obispo","ID:160","6031","CDC_Verily","1.0","Very Low","2024-03-12","2026-08-15","Influenza A virus","2026-10-09 11:01"
"California","San Luis Obispo","ID:160","6031","CDC_Verily","17.25","Very High","2022-11-23","2026-08-15","SARS-CoV-2","2026-10-09 11:01"
"California","San Luis Obispo","ID:160","6031","CDC_Verily","1.0","Very Low","2024-03-12","2026-08-15","RSV","2026-10-09 11:01"
"California","San Luis Obispo","ID:161","15000","CDC_Verily","2.86","Low","2023-01-18","2026-08-15","SARS-CoV-2","2026-10-09 11:01"
"California","San Luis Obispo","ID:161","15000","CDC_Verily","1.0","Very Low","2024-05-21","2026-08-15","Influenza A virus","2026-10-09 11:01"
"California","San Luis Obispo","ID:161","15000","CDC_Verily","1.0","Very Low","2024-05-21","2026-08-15","RSV","2026-10-09 11:01"
"California","San Luis Obispo","ID:162","14465","CDC_Verily","1.0","Very Low","2024-02-15","2026-08-15","RSV","2026-10-09 11:01"
"California","San Luis Obispo","ID:162","14465","CDC_Verily","1.0","Very Low","2024-02-15","2026-08-15","Influenza A virus","2026-10-09 11:01"
"California","San Luis Obispo","ID:162","14465","CDC_Verily","5.7","Moderate","2022-11-07","2026-08-15","SARS-CoV-2","2026-10-09 11:01"
"California","San Luis Obispo","ID:164","31037","WastewaterSCAN","1.0","Very Low","2022-05-09","2026-08-15","RSV","2026-10-09 11:01"
"California","San Luis Obispo","ID:164","31037","WastewaterSCAN","1.0","Very Low","2022-05-09","2026-08-15","Influenza A virus","2026-10-09 11:01"
"California","San Luis Obispo","ID:164","31037","WastewaterSCAN","4.6","Low","2022-02-22","2026-08-15","SARS-CoV-2","2026-10-09 11:01"
"California","San Luis Obispo","ID:165","47545","State_Territory","1.0","Very Low","2023-10-16","2026-08-15","Influenza A virus","2026-10-09 11:01"
"California","San Luis Obispo","ID:165","47545","State_Territory","2.05","Low","2023-10-16","2026-08-15","RSV","2026-10-09 11:01"
"California","San Luis Obispo","ID:165","47545","State_Territory","3.68","Low","2022-07-26","2026-08-15","SARS-CoV-2","2026-10-09 11:01"
"California","San Luis Obispo","ID:166","39000","CDC_Verily","5.87","Moderate","2022-06-13","2026-08-15","SARS-CoV-2","2026-10-09 11:01"
"California","San Luis Obispo","ID:166","39000","CDC_Verily","1.0","Very Low","2024-02-13","2026-08-15","Influenza A virus","2026-10-09 11:01"
"California","San Luis Obispo","ID:166","39000","CDC_Verily","1.85","Low","2024-02-13","2026-08-15","RSV","2026-10-09 11:01"
"California","San Mateo","ID:168","150000","CDC_Verily","1.0","Very Low","2022-09-14","2026-08-15","Influenza A virus","2026-10-09 11:01"
"California","San Mateo","ID:169","27000","CDC_Verily","4.72","Low","2022-06-08","2026-08-08","SARS-CoV-2","2026-10-09 11:01"
"California","San Mateo","ID:170","199000","WastewaterSCAN","1.53","Very Low","2023-05-01","2026-08-08","RSV","2026-10-09 11:01"
"California","San Mateo","ID:170","199000","WastewaterSCAN","1.0","Very Low","2023-05-01","2026-08-08","Influenza A virus","2026-10-09 11:01"
"California","San Mateo","ID:170","199000","WastewaterSCAN","7.03","Moderate","2020-11-25","2026-08-08","SARS-CoV-2","2026-10-09 11:01"
"California","Santa Barbara","ID:171","69290","WastewaterSCAN","8.42","High","2022-09-12","2026-08-08","SARS-CoV-2","2026-10-09 11:01"
"California","Santa Barbara","ID:171","69290","WastewaterSCAN","1.0","Very Low","2022-10-10","2026-08-08","Influenza A virus","2026-10-09 11:01"
"California","Santa Barbara","ID:171","69290","WastewaterSCAN","1.0","Very Low","2022-10-10","2026-08-08","RSV","2026-10-09 11:01"
"California","Santa Barbara","ID:172","77600","State_Territory","1.21","Very Low","2023-09-18","2026-08-08","RSV","2026-10-09 11:01"
"California","Santa Barbara","ID:172","77600","State_Territory","1.0","Very Low","2023-09-18","2026-08-08","Influenza A virus","2026-10-09 11:01"
"California","Santa Barbara","ID:172","77600","State_Territory","1.86","Very Low","2023-08-21","2026-08-08","SARS-CoV-2","2026-10-09 11:01"
"California","Santa Clara","ID:173","153000","WastewaterSCAN","1.49","Very Low","2023-05-01","2026-08-08","RSV","2026-10-09 11:01"
"California","Santa Clara","ID:173","153000","WastewaterSCAN","1.58","Very Low","2023-05-01","2026-08-08","Influenza A virus","2026-10-09 11:01"
"California","Santa Clara","ID:173","153000","WastewaterSCAN","7.12","Moderate","2021-01-11","2026-08-08","SARS-CoV-2","2026-10-09 11:01"
"California","Santa Clara","ID:174","110338","WastewaterSCAN","10.35","High","2021-01-11","2026-08-08","SARS-CoV-2","2026-10-09 11:01"
"California","Santa Clara","ID:174","110338","WastewaterSCAN","1.0","Very Low","2023-05-01","2026-08-08","RSV","2026-10-09 11:01"
"California","Santa Clara","ID:174","110338","WastewaterSCAN","1.37","Very Low","2023-05-01","2026-08-08","Influenza A virus","2026-10-09 11:01"
"California","Santa Clara","ID:175","236000","WastewaterSCAN","8.04","High","2020-11-13","2026-08-08","SARS-CoV-2","2026-10-09 11:01"
"California","Santa Clara","ID:175","236000","WastewaterSCAN","1.99","Low","2023-04-30","2026-08-08","RSV","2026-10-09 11:01"
"California","Santa Clara","ID:175","236000","WastewaterSCAN","3.29","Low","2023-04-30","2026-08-08","Influenza A virus","2026-10-09 11:01"
"California","Santa Clara","ID:176","1500000","WastewaterSCAN","1.87","Low","2023-04-30","2026-08-08","RSV","2026-10-09 11:01"
"California","Santa Clara","ID:176","1500000","WastewaterSCAN","8.18","High","2020-04-29","2026-08-08","SARS-CoV-2","2026-10-09 11:01"
"California","Santa Clara","ID:176","1500000","WastewaterSCAN","1.34","Very Low","2023-04-30","2026-08-08","Influenza A virus","2026-10-09 11:01"
"California","Santa Cruz","ID:177","164000","CDC_Verily","1.85","Very Low","2022-06-28","2026-08-08","SARS-CoV-2","2026-10-09 11:01"
"California","Santa Cruz","ID:177","164000","CDC_Verily","1.0","Very Low","2024-05-19","2026-08-08","Influenza A virus","2026-10-09 11:01"
"California","Santa Cruz","ID:177","164000","CDC_Verily","1.0","Very Low","2024-05-19","2026-08-08","RSV","2026-10-09 11:01"
"California","Santa Cruz","ID:178","94000","CDC_Verily","1.0","Very Low","2022-06-12","2026-08-08","RSV","2026-10-09 11:01"
"California","Santa Cruz","ID:178","94000","CDC_Verily","1.0","Very Low","2022-06-12","2026-08-08","Influenza A virus","2026-10-09 11:01"
"California","Santa Cruz","ID:178","94000","CDC_Verily","1.7","Very Low","2022-05-15","2026-08-08","SARS-CoV-2","2026-10-09 11:01"
"California","Santa Cruz","ID:179","160000","WastewaterSCAN","8.15","High","2022-05-15","2026-08-08","SARS-CoV-2","2026-10-09 11:01"
"California","Santa Cruz","ID:179","160000","WastewaterSCAN","1.0","Very Low","2022-06-12","2026-08-08","Influenza A virus","2026-10-09 11:01"
"California","Santa Cruz","ID:179","160000","WastewaterSCAN","1.0","Very Low","2022-06-12","2026-08-08","RSV","2026-10-09 11:01"
"California","Shasta","ID:182","60000","State_Territory","2.86","Low","2023-10-02","2026-08-08","SARS-CoV-2","2026-10-09 11:01"
"California","Shasta","ID:182","60000","State_Territory","1.0","Very Low","2023-10-30","2026-08-08","RSV","2026-10-09 11:01"
"California","Shasta","ID:182","60000","State_Territory","1.0","Very Low","2023-10-30","2026-08-08","Influenza A virus","2026-10-09 11:01"
"California","Solano","ID:183","121000","WastewaterSCAN","1.0","Very Low","2022-11-29","2026-08-08","RSV","2026-10-09 11:01"
"California","Solano","ID:183","121000","WastewaterSCAN","1.0","Very Low","2022-11-29","2026-08-08","Influenza A virus","2026-10-09 11:01"
"California","Solano","ID:183","121000","WastewaterSCAN","9.81","High","2022-11-01","2026-08-08","SARS-CoV-2","2026-10-09 11:01"
"California","Sonoma","ID:184","230000","WastewaterSCAN","1.0","Very Low","2022-10-20","2026-08-08","RSV","2026-10-09 11:01"
"California","Sonoma","ID:184","230000","WastewaterSCAN","1.0","Very Low","2022-10-20","2026-08-08","Influenza A virus","2026-10-09 11:01"
"California","Sonoma","ID:184","230000","WastewaterSCAN","2.87","Low","2022-06-19","2026-08-08","SARS-CoV-2","2026-10-09 11:01"
"California","Sonoma","ID:186","28000","CDC_Verily","9.84","High","2023-01-27","2026-08-08","SARS-CoV-2","2026-10-09 11:01"
"California","Sonoma","ID:186","28000","CDC_Verily","1.0","Very Low","2023-02-24","2026-08-08","Influenza A virus","2026-10-09 11:01"
"California","Sonoma","ID:186","28000","CDC_Verily","1.0","Very Low","2023-02-24","2026-08-08","RSV","2026-10-09 11:01"
"California","Stanislaus","ID:187","230000","CDC_Verily","7.12","Moderate","2021-12-01","2026-08-08","SARS-CoV-2","2026-10-09 11:01"
"California","Stanislaus","ID:187","230000","CDC_Verily","1.0","Very Low","2023-02-13","2026-08-08","RSV","2026-10-09 11:01"
"California","Stanislaus","ID:187","230000","CDC_Verily","1.0","Very Low","2023-02-13","2026-08-08","Influenza A virus","2026-10-09 11:01"
"California","Stanislaus","ID:188","86000","WastewaterSCAN","1.0","Very Low","2023-02-10","2026-08-08","RSV","2026-10-09 11:01"
"California","Stanislaus","ID:188","86000","WastewaterSCAN","9.4","High","2022-06-10","2026-08-08","SARS-CoV-2","2026-10-09 11:01"
"California","Stanislaus","ID:188","86000","WastewaterSCAN","1.0","Very Low","2023-02-10","2026-08-08","Influenza A virus","2026-10-09 11:01"
"California","Sutter","ID:189","70000","State_Territory","2.45","Very Low","2023-01-11","2026-08-08","SARS-CoV-2","2026-10-09 11:01"
"California","Sutter","ID:189","70000","State_Territory","1.25","Very Low","2023-02-08","2026-08-08","RSV","2026-10-09 11:01"
"California","Sutter","ID:189","70000","State_Territory","1.0","Very Low","2023-02-08","2026-08-08","Influenza A virus","2026-10-09 11:01"
"California","Ventura","ID:190","250000","CDC_Verily, State_Territory","1.0","Very Low","2023-04-04","2026-08-08","Influenza A virus","2026-10-09 11:01"
"California","Ventura","ID:190","250000","CDC_Verily, State_Territory","1.49","Very Low","2023-04-04","2026-08-08","RSV","2026-10-09 11:01"
"California","Ventura","ID:190","250000","CDC_Verily, State_Territory","4.26","Low","2021-05-05","2026-08-08","SARS-CoV-2","2026-10-09 11:01"
"California","Yolo","ID:193","68000","WastewaterSCAN","4.4","Low","2021-01-04","2026-08-08","SARS-CoV-2","2026-10-09 11:01"
"California","Yolo","ID:193","68000","WastewaterSCAN","1.0","Very Low","2023-04-03","2026-08-08","RSV","2026-10-09 11:01"
"California","Yolo","ID:193","68000","WastewaterSCAN","1.0","Very Low","2023-04-03","2026-08-08","Influenza A virus","2026-10-09 11:01"
"California","Yolo","ID:194","59000","WastewaterSCAN","8.86","High","2022-06-10","2026-08-08","SARS-CoV-2","2026-10-09 11:01"
"California","Yolo","ID:194","59000","WastewaterSCAN","1.0","Very Low","2023-02-10","2026-08-08","RSV","2026-10-09 11:01"
"California","Yolo","ID:194","59000","WastewaterSCAN","1.4","Very Low","2023-02-10","2026-08-08","Influenza A virus","2026-10-09 11:01"
"California","Nevada","ID:2199","13754","CDC_Verily","1.0","Very Low","2024-07-02","2026-08-08","RSV","2026-10-09 11:01"
"California","Nevada","ID:2199","13754","CDC_Verily","1.0","Very Low","2024-07-02","2026-08-08","Influenza A virus","2026-10-09 11:01"
"California","Nevada","ID:2199","13754","CDC_Verily","2.72","Low","2024-06-04","2026-08-08","SARS-CoV-2","2026-10-09 11:01"
"California","El Dorado","ID:2346","125000","CDC_Verily","1.0","Very Low","2025-08-26","2026-08-08","RSV","2026-10-09 11:01"
"California","El Dorado","ID:2346","125000","CDC_Verily","4.17","Low","2025-07-29","2026-08-08","SARS-CoV-2","2026-10-09 11:01"
"California","El Dorado","ID:2346","125000","CDC_Verily","1.0","Very Low","2025-08-26","2026-08-08","Influenza A virus","2026-10-09 11:01"
"California","Santa Barbara","ID:2347","97000","CDC_Verily","4.92","Moderate","2023-05-29","2026-08-08","SARS-CoV-2","2026-10-09 11:01"
"California","Santa Barbara","ID:2347","97000","CDC_Verily","1.0","Very Low","2023-06-26","2026-08-08","RSV","2026-10-09 11:01"
"California","Santa Barbara","ID:2347","97000","CDC_Verily","1.0","Very Low","2023-06-26","2026-08-08","Influenza A virus","2026-10-09 11:01"
"California","Placer","ID:2348","127000","CDC_Verily","6.0","Moderate","2023-04-24","2026-08-08","SARS-CoV-2","2026-10-09 11:01"
"California","Placer","ID:2348","127000","CDC_Verily","1.0","Very Low","2023-05-22","2026-08-08","Influenza A virus","2026-10-09 11:01"
"California","Placer","ID:2348","127000","CDC_Verily","1.0","Very Low","2023-05-22","2026-08-08","RSV","2026-10-09 11:01"
"California","Solano","ID:2365","155000","CDC_Verily","1.0","Very Low","2024-12-01","2026-08-08","RSV","2026-10-09 11:01"
"California","Solano","ID:2365","155000","CDC_Verily","7.3","Moderate","2024-11-03","2026-08-08","SARS-CoV-2","2026-10-09 11:01"
"California","Solano","ID:2365","155000","CDC_Verily","1.0","Very Low","2024-12-01","2026-08-08","Influenza A virus","2026-10-09 11:01"
"California","Shasta","ID:2380","29000","State_Territory","1.0","Very Low","2023-11-07","2026-08-08","RSV","2026-10-09 11:01"
"California","Shasta","ID:2380","29000","State_Territory","1.0","Very Low","2023-11-07","2026-08-08","Influenza A virus","2026-10-09 11:01"
"California","Shasta","ID:2380","29000","State_Territory","4.28","Low","2023-10-10","2026-08-08","SARS-CoV-2","2026-10-09 11:01"
"California","Madera","ID:2453","60000","CDC_Verily","3.93","Low","2025-04-25","2026-08-08","SARS-CoV-2","2026-10-09 11:01"
"California","Madera","ID:2453","60000","CDC_Verily","1.0","Very Low","2025-05-23","2026-08-08","Influenza A virus","2026-10-09 11:01"
"California","Madera","ID:2453","60000","CDC_Verily","1.0","Very Low","2025-05-23","2026-08-08","RSV","2026-10-09 11:01"
"California","Alameda","ID:2571","342000","WastewaterSCAN","1.0","Very Low","2025-06-11","2026-08-08","Influenza A virus","2026-10-09 11:01"
"California","Alameda","ID:2571","342000","WastewaterSCAN","14.6","Very High","2025-05-14","2026-08-08","SARS-CoV-2","2026-10-09 11:01"
"California","Alameda","ID:2571","342000","WastewaterSCAN","1.0","Very Low","2025-06-11","2026-08-08","RSV","2026-10-09 11:01"
"California","Alameda","ID:2572","150000","WastewaterSCAN","1.0","Very Low","2025-06-25","2026-08-08","Influenza A virus","2026-10-09 11:01"
"California","Alameda","ID:2572","150000","WastewaterSCAN","11.28","High","2025-05-28","2026-08-08","SARS-CoV-2","2026-10-09 11:01"
"California","Alameda","ID:2572","150000","WastewaterSCAN","1.0","Very Low","2025-06-25","2026-08-08","RSV","2026-10-09 11:01"
"California","Alameda","ID:2573","160000","WastewaterSCAN","8.62","High","2025-07-21","2026-08-08","SARS-CoV-2","2026-10-09 11:01"
"California","Alameda","ID:2573","160000","WastewaterSCAN","1.0","Very Low","2025-08-18","2026-08-08","Influenza A virus","2026-10-09 11:01"
"California","Alameda","ID:2573","160000","WastewaterSCAN","1.0","Very Low","2025-08-18","2026-08-08","RSV","2026-10-09 11:01"
"California","Alameda","ID:2601","95000","WastewaterSCAN","1.0","Very Low","2025-12-15","2026-08-08","Influenza A virus","2026-10-09 11:01"
"California","Alameda","ID:2601","95000","WastewaterSCAN","1.0","Very Low","2025-12-15","2026-08-08","RSV","2026-10-09 11:01"
"California","Alameda","ID:2601","95000","WastewaterSCAN","2.78","Low","2025-11-17","2026-08-08","SARS-CoV-2","2026-10-09 11:01"
"California","Alameda","ID:93","60000","CDC_Verily","1.0","Very Low","2022-12-06","2026-08-08","Influenza A virus","2026-10-09 11:01"
"California","Alameda","ID:93","60000","CDC_Verily","5.81","Moderate","2022-07-04","2026-08-08","SARS-CoV-2","2026-10-09 11:01"
"California","Alameda","ID:93","60000","CDC_Verily","1.0","Very Low","2022-12-06","2026-08-08","RSV","2026-10-09 11:01"
"California","Alameda, Contra Costa","ID:94","740000","State_Territory","6.59","Moderate","2021-05-19","2026-08-08","SARS-CoV-2","2026-10-09 11:01"
"California","Alameda, Contra Costa","ID:94","740000","State_Territory","1.0","Very Low","2022-05-10","2026-08-08","Influenza A virus","2026-10-09 11:01"
"California","Alameda, Contra Costa","ID:94","740000","State_Territory","1.9","Low","2022-05-10","2026-08-08","RSV","2026-10-09 11:01"
"California","Butte","ID:95","44000","State_Territory","1.0","Very Low","2023-10-02","2026-08-08","Influenza A virus","2026-10-09 11:01"
"California","Butte","ID:95","44000","State_Territory","1.0","Very Low","2023-10-02","2026-08-08","RSV","2026-10-09 11:01"
"California","Butte","ID:95","44000","State_Territory","1.62","Very Low","2023-09-04","2026-08-08","SARS-CoV-2","2026-10-09 11:01"
"California","Butte","ID:96","101299","State_Territory","1.0","Very Low","2023-11-14","2026-08-08","Influenza A virus","2026-10-09 11:01"
"California","Butte","ID:96","101299","State_Territory","2.15","Very Low","2023-10-17","2026-08-08","SARS-CoV-2","2026-10-09 11:01"
"California","Butte","ID:96","101299","State_Territory","1.0","Very Low","2023-11-14","2026-08-08","RSV","2026-10-09 11:01"
"California","Contra Costa","ID:97","495000","CDC_Verily, State_Territory","1.35","Very Low","2022-05-30","2026-08-08","Influenza A virus","2026-10-09 11:01"
"California","Contra Costa","ID:97","495000","CDC_Verily, State_Territory","1.36","Very Low","2022-05-30","2026-08-08","RSV","2026-10-09 11:01"
"California","Contra Costa","ID:97","495000","CDC_Verily, State_Territory","3.67","Low","2020-12-28","2026-08-08","SARS-CoV-2","2026-10-09 11:01"
"California","Contra Costa","ID:98","218281","State_Territory","1.0","Very Low","2023-09-04","2026-08-08","RSV","2026-10-09 11:01"
"California","Contra Costa","ID:98","218281","State_Territory","1.0","Very Low","2023-09-04","2026-08-08","Influenza A virus","2026-10-09 11:01"
"California","Contra Costa","ID:98","218281","State_Territory","3.5","Low","2022-06-20","2026-08-08","SARS-CoV-2","2026-10-09 11:01"
"California","Contra Costa","ID:99","102000","CDC_Verily","4.58","Low","2022-06-21","2026-08-08","SARS-CoV-2","2026-10-09 11:01"
"California","Contra Costa","ID:99","102000","CDC_Verily","1.0","Very Low","2022-07-19","2026-08-08","Influenza A virus","2026-10-09 11:01"
"California","Contra Costa","ID:99","102000","CDC_Verily","1.0","Very Low","2022-07-19","2026-08-08","RSV","2026-10-09 11:01"
"California","Del Norte","ID:100","15372","State_Territory","1.0","Very Low","2023-12-13","2026-08-08","Influenza A virus","2026-10-09 11:01"
"California","Del Norte","ID:100","15372","State_Territory","4.14","Low","2023-11-15","2026-08-08","SARS-CoV-2","2026-10-09 11:01"
"California","Del Norte","ID:100","15372","State_Territory","1.0","Very Low","2023-12-13","2026-08-08","RSV","2026-10-09 11:01"
"California","El Dorado","ID:101","30000","CDC_Verily","1.0","Very Low","2024-04-08","2026-08-08","Influenza A virus","2026-10-09 11:01"
"California","El Dorado","ID:101","30000","CDC_Verily","1.0","Very Low","2024-04-08","2026-08-08","RSV","2026-10-09 11:01"
"California","El Dorado","ID:101","30000","CDC_Verily","3.05","Low","2022-08-02","2026-08-08","SARS-CoV-2","2026-10-09 11:01"
"California","Fresno","ID:102","650000","State_Territory","1.0","Very Low","2023-03-05","2026-08-08","Influenza A virus","2026-10-09 11:01"
"California","Fresno","ID:102","650000","State_Territory","9.59","High","2021-12-29","2026-08-08","SARS-CoV-2","2026-10-09 11:01"
"California","Fresno","ID:102","650000","State_Territory","1.0","Very Low","2023-05-14","2026-08-08","RSV","2026-10-09 11:01"
"California","Humboldt","ID:103","45000","State_Territory","5.46","Moderate","2022-06-28","2026-08-08","SARS-CoV-2","2026-10-09 11:01"
"California","Humboldt","ID:103","45000","State_Territory","1.28","Very Low","2023-10-08","2026-08-08","RSV","2026-10-09 11:01"
"California","Humboldt","ID:103","45000","State_Territory","1.0","Very Low","2023-10-08","2026-08-08","Influenza A virus","2026-10-09 11:01"
"California","Kern","ID:106","168750","State_Territory","5.41","Moderate","2021-10-20","2026-08-08","SARS-CoV-2","2026-10-09 11:01"
"California","Kern","ID:106","168750","State_Territory","1.0","Very Low","2023-05-16","2026-08-08","RSV","2026-10-09 11:01"
"California","Kern","ID:106","168750","State_Territory","1.0","Very Low","2023-02-21","2026-08-08","Influenza A virus","2026-10-09 11:01"
"California","Kings","ID:108","56000","State_Territory","6.35","Moderate","2022-07-19","2026-08-08","SARS-CoV-2","2026-10-09 11:01"
"California","Kings","ID:108","56000","State_Territory","1.0","Very Low","2023-04-25","2026-08-08","Influenza A virus","2026-10-09 11:01"
"California","Kings","ID:108","56000","State_Territory","1.0","Very Low","2023-04-25","2026-08-08","RSV","2026-10-09 11:01"
"California","Lake","ID:111","13200","State_Territory","1.0","Very Low","2023-05-11","2026-08-08","RSV","2026-10-09 11:01"
"California","Lake","ID:111","13200","State_Territory","1.0","Very Low","2023-03-02","2026-08-08","Influenza A virus","2026-10-09 11:01"
"California","Lake","ID:111","13200","State_Territory","5.54","Moderate","2022-03-21","2026-08-08","SARS-CoV-2","2026-10-09 11:01"
"California","Los Angeles","ID:112","200000","CDC_Verily","1.0","Very Low","2022-11-21","2026-08-08","Influenza A virus","2026-10-09 11:01"
"California","Los Angeles","ID:112","200000","CDC_Verily","5.28","Moderate","2022-07-04","2026-08-08","SARS-CoV-2","2026-10-09 11:01"
"California","Los Angeles","ID:112","200000","CDC_Verily","1.0","Very Low","2022-11-21","2026-08-08","RSV","2026-10-09 11:01"
"California","Los Angeles, Ventura","ID:113","4000000","State_Territory, WastewaterSCAN","9.18","High","2021-01-20","2026-08-08","SARS-CoV-2","2026-10-09 11:01"
"California","Los Angeles, Ventura","ID:113","4000000","State_Territory, WastewaterSCAN","1.2","Very Low","2022-11-06","2026-08-08","Influenza A virus","2026-10-09 11:01"
"California","Los Angeles, Ventura","ID:113","4000000","State_Territory, WastewaterSCAN","1.12","Very Low","2022-11-06","2026-08-08","RSV","2026-10-09 11:01"
"California","Los Angeles","ID:114","3500000","State_Territory, WastewaterSCAN","1.0","Very Low","2022-05-08","2026-08-08","Influenza A virus","2026-10-09 11:01"
"California","Los Angeles","ID:114","3500000","State_Territory, WastewaterSCAN","2.94","Low","2020-06-01","2026-08-08","SARS-CoV-2","2026-10-09 11:01"
"California","Los Angeles","ID:114","3500000","State_Territory, WastewaterSCAN","1.0","Very Low","2022-05-08","2026-08-08","RSV","2026-10-09 11:01"
"California","Los Angeles, Ventura","ID:115","75000","CDC_Verily","4.11","Low","2022-07-11","2026-08-08","SARS-CoV-2","2026-10-09 11:01"
"California","Los Angeles, Ventura","ID:115","75000","CDC_Verily","1.0","Very Low","2024-01-30","2026-08-08","Influenza A virus","2026-10-09 11:01"
"California","Los Angeles, Ventura","ID:115","75000","CDC_Verily","1.0","Very Low","2024-01-30","2026-08-08","RSV","2026-10-09 11:01"
"California","Marin","ID:118","104250","WastewaterSCAN","1.0","Very Low","2022-10-31","2026-08-08","Influenza A virus","2026-10-09 11:01"
"California","Marin","ID:118","104250","WastewaterSCAN","1.0","Very Low","2022-10-31","2026-08-08","RSV","2026-10-09 11:01"
"California","Marin","ID:118","104250","WastewaterSCAN","8.46","High","2022-10-03","2026-08-08","SARS-CoV-2","2026-10-09 11:01"
"California","Marin","ID:120","30000","CDC_Verily","1.0","Very Low","2022-10-17","2026-08-08","RSV","2026-10-09 11:01"
"California","Marin","ID:120","30000","CDC_Verily","1.0","Very Low","2022-10-17","2026-08-08","Influenza A virus","2026-10-09 11:01"
"California","Marin","ID:120","30000","CDC_Verily","5.86","Moderate","2022-09-19","2026-08-08","SARS-CoV-2","2026-10-09 11:01"
"California","Marin","ID:121","53000","WastewaterSCAN","8.13","High","2022-08-01","2026-08-08","SARS-CoV-2","2026-10-09 11:01"
"California","Marin","ID:121","53000","WastewaterSCAN","1.0","Very Low","2022-08-29","2026-08-08","RSV","2026-10-09 11:01"
"California","Marin","ID:121","53000","WastewaterSCAN","1.0","Very Low","2022-08-29","2026-08-08","Influenza A virus","2026-10-09 11:01"
"California","Merced","ID:125","91000","WastewaterSCAN","11.68","Very High","2021-12-01","2026-08-08","SARS-CoV-2","2026-10-09 11:01"
"California","Merced","ID:125","91000","WastewaterSCAN","1.0","Very Low","2023-02-10","2026-08-08","RSV","2026-10-09 11:01"
"California","Merced","ID:125","91000","WastewaterSCAN","1.0","Very Low","2023-02-10","2026-08-08","Influenza A virus","2026-10-09 11:01"
"California","Mono","ID:126","8200","CDC_Verily","1.0","Very Low","2023-05-24","2026-08-08","Influenza A virus","2026-10-09 11:01"
"California","Mono","ID:126","8200","CDC_Verily","1.0","Very Low","2023-05-24","2026-08-08","RSV","2026-10-09 11:01"
"California","Mono","ID:126","8200","CDC_Verily","5.21","Moderate","2023-04-26","2026-08-08","SARS-CoV-2","2026-10-09 11:01"
"California","Monterey","ID:127","262000","WastewaterSCAN","1.0","Very Low","2023-02-05","2026-08-08","Influenza A virus","2026-10-09 11:01"
"California","Monterey","ID:127","262000","WastewaterSCAN","10.46","High","2022-09-10","2026-08-08","SARS-CoV-2","2026-10-09 11:01"
"California","Monterey","ID:127","262000","WastewaterSCAN","1.0","Very Low","2023-02-05","2026-08-08","RSV","2026-10-09 11:01"
"California","Monterey","ID:128","16000","CDC_Verily","1.0","Very Low","2024-01-30","2026-08-08","Influenza A virus","2026-10-09 11:01"
"California","Monterey","ID:128","16000","CDC_Verily","1.0","Very Low","2024-01-30","2026-08-08","RSV","2026-10-09 11:01"
"California","Monterey","ID:128","16000","CDC_Verily","8.67","High","2023-05-22","2026-08-08","SARS-CoV-2","2026-10-09 11:01"
"California","Napa","ID:129","20256","State_Territory","6.5","Moderate","2022-12-19","2026-08-08","SARS-CoV-2","2026-10-09 11:01"
"California","Napa","ID:129","20256","State_Territory","1.26","Very Low","2023-03-13","2026-08-08","Influenza A virus","2026-10-09 11:01"
"California","Napa","ID:129","20256","State_Territory","1.39","Very Low","2023-05-15","2026-08-08","RSV","2026-10-09 11:01"
"California","Napa","ID:130","83300","WastewaterSCAN","1.0","Very Low","2022-12-05","2026-08-08","RSV","2026-10-09 11:01"
"California","Napa","ID:130","83300","WastewaterSCAN","1.81","Very Low","2022-12-05","2026-08-08","Influenza A virus","2026-10-09 11:01"
"California","Napa","ID:130","83300","WastewaterSCAN","5.4","Moderate","2022-11-07","2026-08-08","SARS-CoV-2","2026-10-09 11:01"
"California","El Dorado, Nevada, Placer","ID:131","50000","State_Territory","3.0","Low","2024-02-25","2026-08-08","SARS-CoV-2","2026-10-09 11:01"
"California","El Dorado, Nevada, Placer","ID:131","50000","State_Territory","1.19","Very Low","2024-03-24","2026-08-08","Influenza A virus","2026-10-09 11:01"
"California","El Dorado, Nevada, Placer","ID:131","50000","State_Territory","1.45","Very Low","2024-03-24","2026-08-08","RSV","2026-10-09 11:01"
"California","Orange","ID:135","1800000","State_Territory","1.0","Very Low","2023-03-12","2026-08-08","Influenza A virus","2026-10-09 11:01"
"California","Orange","ID:135","1800000","State_Territory","4.11","Low","2021-01-20","2026-08-08","SARS-CoV-2","2026-10-09 11:01"
"California","Orange","ID:135","1800000","State_Territory","1.76","Low","2023-05-14","2026-08-08","RSV","2026-10-09 11:01"
"California","Placer","ID:136","108444","State_Territory","4.95","Moderate","2023-10-31","2026-08-08","SARS-CoV-2","2026-10-09 11:01"
"California","Placer","ID:136","108444","State_Territory","1.0","Very Low","2023-11-28","2026-08-08","RSV","2026-10-09 11:01"
"California","Placer","ID:136","108444","State_Territory","1.0","Very Low","2023-11-28","2026-08-08","Influenza A virus","2026-10-09 11:01"
"California","Plumas","ID:137","4217","State_Territory","1.0","Very Low","2023-05-16","2026-08-08","RSV","2026-10-09 11:01"
"California","Plumas","ID:137","4217","State_Territory","4.56","Low","2022-10-18","2026-08-08","SARS-CoV-2","2026-10-09 11:01"
"California","Plumas","ID:137","4217","State_Territory","1.0","Very Low","2023-03-14","2026-08-08","Influenza A virus","2026-10-09 11:01"
"California","Riverside","ID:138","350000","WastewaterSCAN","18.89","Very High","2023-03-08","2026-08-08","SARS-CoV-2","2026-10-09 11:01"
"California","Riverside","ID:138","350000","WastewaterSCAN","1.0","Very Low","2023-04-05","2026-08-08","RSV","2026-10-09 11:01"
"California","Riverside","ID:138","350000","WastewaterSCAN","1.0","Very Low","2023-04-05","2026-08-08","Influenza A virus","2026-10-09 11:01"
"California","Riverside","ID:139","91765","WastewaterSCAN","1.0","Very Low","2022-11-02","2026-08-08","Influenza A virus","2026-10-09 11:01"
"California","Riverside","ID:139","91765","WastewaterSCAN","1.0","Very Low","2022-11-02","2026-08-08","RSV","2026-10-09 11:01"
"California","Riverside","ID:139","91765","WastewaterSCAN","4.96","Moderate","2022-06-05","2026-08-08","SARS-CoV-2","2026-10-09 11:01"
"California","Sacramento","ID:140","1480000","WastewaterSCAN","1.48","Very Low","2023-04-30","2026-08-08","Influenza A virus","2026-10-09 11:01"
"California","Sacramento","ID:140","1480000","WastewaterSCAN","6.22","Moderate","2020-11-24","2026-08-08","SARS-CoV-2","2026-10-09 11:01"
"California","Sacramento","ID:140","1480000","WastewaterSCAN","1.24","Very Low","2023-04-30","2026-08-08","RSV","2026-10-09 11:01"
"California","San Benito","ID:141","43000","CDC_Verily","4.85","Low","2022-10-26","2026-08-08","SARS-CoV-2","2026-10-09 11:01"
"California","San Benito","ID:141","43000","CDC_Verily","1.0","Very Low","2022-11-23","2026-08-08","RSV","2026-10-09 11:01"
"California","San Benito","ID:141","43000","CDC_Verily","1.0","Very Low","2022-11-23","2026-08-08","Influenza A virus","2026-10-09 11:01"
"California","San Bernardino","ID:143","890000","WastewaterSCAN","1.0","Very Low","2022-07-04","2026-08-08","Influenza A virus","2026-10-09 11:01"
"California","San Bernardino","ID:143","890000","WastewaterSCAN","1.0","Very Low","2022-07-04","2026-08-08","RSV","2026-10-09 11:01"
"California","San Bernardino","ID:143","890000","WastewaterSCAN","4.74","Low","2022-06-06","2026-08-08","SARS-CoV-2","2026-10-09 11:01"
"California","San Bernardino","ID:144","325000","State_Territory","3.44","Low","2021-10-25","2026-08-08","SARS-CoV-2","2026-10-09 11:01"
"California","San Bernardino","ID:144","325000","State_Territory","1.0","Very Low","2023-02-21","2026-08-08","Influenza A virus","2026-10-09 11:01"
"California","San Bernardino","ID:144","325000","State_Territory","1.0","Very Low","2023-05-15","2026-08-08","RSV","2026-10-09 11:01"
"California","San Diego","ID:145","2200000","State_Territory, WastewaterSCAN","1.15","Very Low","2022-10-16","2026-08-08","RSV","2026-10-09 11:01"
"California","San Diego","ID:145","2200000","State_Territory, WastewaterSCAN","9.26","High","2021-01-18","2026-08-08","SARS-CoV-2","2026-10-09 11:01"
"California","San Diego","ID:145","2200000","State_Territory, WastewaterSCAN","1.0","Very Low","2022-10-16","2026-08-08","Influenza A virus","2026-10-09 11:01"
"California","San Francisco, San Mateo","ID:147","250000","WastewaterSCAN","1.27","Very Low","2023-03-08","2026-08-08","Influenza A virus","2026-10-09 11:01"
"California","San Francisco, San Mateo","ID:147","250000","WastewaterSCAN","1.34","Very Low","2023-05-01","2026-08-08","RSV","2026-10-09 11:01"
"California","San Francisco, San Mateo","ID:147","250000","WastewaterSCAN","6.29","Moderate","2020-11-17","2026-08-08","SARS-CoV-2","2026-10-09 11:01"
"California","San Francisco, San Mateo","ID:148","750000","State_Territory, WastewaterSCAN","1.6","Very Low","2023-03-08","2026-08-08","Influenza A virus","2026-10-09 11:01"
"California","San Francisco, San Mateo","ID:148","750000","State_Territory, WastewaterSCAN","6.53","Moderate","2020-11-17","2026-08-08","SARS-CoV-2","2026-10-09 11:01"
"California","San Francisco, San Mateo","ID:148","750000","State_Territory, WastewaterSCAN","1.0","Very Low","2023-05-01","2026-08-08","RSV","2026-10-09 11:01"
"California","San Joaquin","ID:155","68000","CDC_Verily","5.15","Moderate","2023-03-06","2026-08-08","SARS-CoV-2","2026-10-09 11:01"
"California","San Joaquin","ID:155","68000","CDC_Verily","1.0","Very Low","2024-10-08","2026-08-08","RSV","2026-10-09 11:01"
"California","San Joaquin","ID:155","68000","CDC_Verily","1.0","Very Low","2024-10-08","2026-08-08","Influenza A virus","2026-10-09 11:01"
"California","San Joaquin","ID:157","29000","CDC_Verily","1.7","Very Low","2024-12-17","2026-08-08","Influenza A virus","2026-10-09 11:01"
"California","San Joaquin","ID:157","29000","CDC_Verily","1.68","Very Low","2024-12-17","2026-08-08","RSV","2026-10-09 11:01"
"California","San Joaquin","ID:157","29000","CDC_Verily","7.31","Moderate","2023-02-28","2026-08-08","SARS-CoV-2","2026-10-09 11:01"
"California","San Luis Obispo","ID:160","6031","CDC_Verily","1.0","Very Low","2024-03-12","2026-08-08","Influenza A virus","2026-10-09 11:01"
"California","San Luis Obispo","ID:160","6031","CDC_Verily","7.48","Moderate","2022-11-23","2026-08-08","SARS-CoV-2","2026-10-09 11:01"
"California","San Luis Obispo","ID:160","6031","CDC_Verily","1.0","Very Low","2024-03-12","2026-08-08","RSV","2026-10-09 11:01"
"California","San Luis Obispo","ID:161","15000","CDC_Verily","1.0","Very Low","2024-05-21","2026-08-08","Influenza A virus","2026-10-09 11:01"
"California","San Luis Obispo","ID:161","15000","CDC_Verily","1.0","Very Low","2024-05-21","2026-08-08","RSV","2026-10-09 11:01"
"California","San Luis Obispo","ID:161","15000","CDC_Verily","2.98","Low","2023-01-18","2026-08-08","SARS-CoV-2","2026-10-09 11:01"
"California","San Luis Obispo","ID:162","14465","CDC_Verily","2.07","Very Low","2024-02-15","2026-08-08","Influenza A virus","2026-10-09 11:01"
"California","San Luis Obispo","ID:162","14465","CDC_Verily","1.0","Very Low","2024-02-15","2026-08-08","RSV","2026-10-09 11:01"
"California","San Luis Obispo","ID:162","14465","CDC_Verily","3.56","Low","2022-11-07","2026-08-08","SARS-CoV-2","2026-10-09 11:01"
"California","San Luis Obispo","ID:164","31037","WastewaterSCAN","1.0","Very Low","2022-05-09","2026-08-08","RSV","2026-10-09 11:01"
"California","San Luis Obispo","ID:164","31037","WastewaterSCAN","3.31","Low","2022-02-22","2026-08-08","SARS-CoV-2","2026-10-09 11:01"
"California","San Luis Obispo","ID:164","31037","WastewaterSCAN","1.55","Very Low","2022-05-09","2026-08-08","Influenza A virus","2026-10-09 11:01"
"California","San Luis Obispo","ID:165","47545","State_Territory","1.5","Very Low","2023-10-16","2026-08-08","RSV","2026-10-09 11:01"
"California","San Luis Obispo","ID:165","47545","State_Territory","1.0","Very Low","2023-10-16","2026-08-08","Influenza A virus","2026-10-09 11:01"
"California","San Luis Obispo","ID:165","47545","State_Territory","3.86","Low","2022-07-26","2026-08-08","SARS-CoV-2","2026-10-09 11:01"
"California","San Luis Obispo","ID:166","39000","CDC_Verily","1.0","Very Low","2024-02-13","2026-08-08","RSV","2026-10-09 11:01"
"California","San Luis Obispo","ID:166","39000","CDC_Verily","1.0","Very Low","2024-02-13","2026-08-08","Influenza A virus","2026-10-09 11:01"
"California","San Luis Obispo","ID:166","39000","CDC_Verily","5.97","Moderate","2022-06-13","2026-08-08","SARS-CoV-2","2026-10-09 11:01"
"California","San Mateo","ID:168","150000","CDC_Verily","5.18","Moderate","2022-08-17","2026-08-08","SARS-CoV-2","2026-10-09 11:01"
"California","San Mateo","ID:168","150000","CDC_Verily","1.0","Very Low","2022-09-14","2026-08-08","Influenza A virus","2026-10-09 11:01"
"California","San Mateo","ID:168","150000","CDC_Verily","1.0","Very Low","2022-09-14","2026-08-08","RSV","2026-10-09 11:01"
"California","San Mateo","ID:169","27000","CDC_Verily","1.0","Very Low","2022-07-06","2026-08-08","Influenza A virus","2026-10-09 11:01"
"California","San Mateo","ID:169","27000","CDC_Verily","1.0","Very Low","2022-07-06","2026-08-08","RSV","2026-10-09 11:01"
"California","San Luis Obispo","ID:166","39000","CDC_Verily","1.0","Very Low","2024-02-13","2026-08-01","Influenza A virus","2026-10-09 11:01"
"California","San Luis Obispo","ID:166","39000","CDC_Verily","6.75","Moderate","2022-06-13","2026-08-01","SARS-CoV-2","2026-10-09 11:01"
"California","San Mateo","ID:168","150000","CDC_Verily","1.74","Very Low","2022-09-14","2026-08-01","Influenza A virus","2026-10-09 11:01"
"California","San Mateo","ID:168","150000","CDC_Verily","1.0","Very Low","2022-09-14","2026-08-01","RSV","2026-10-09 11:01"
"California","San Mateo","ID:168","150000","CDC_Verily","4.87","Low","2022-08-17","2026-08-01","SARS-CoV-2","2026-10-09 11:01"
"California","San Mateo","ID:169","27000","CDC_Verily","1.0","Very Low","2022-07-06","2026-08-01","Influenza A virus","2026-10-09 11:01"
"California","San Mateo","ID:169","27000","CDC_Verily","1.0","Very Low","2022-07-06","2026-08-01","RSV","2026-10-09 11:01"
"California","San Mateo","ID:169","27000","CDC_Verily","5.69","Moderate","2022-06-08","2026-08-01","SARS-CoV-2","2026-10-09 11:01"
"California","San Mateo","ID:170","199000","WastewaterSCAN","4.51","Low","2020-11-25","2026-08-01","SARS-CoV-2","2026-10-09 11:01"
"California","San Mateo","ID:170","199000","WastewaterSCAN","1.0","Very Low","2023-05-01","2026-08-01","RSV","2026-10-09 11:01"
"California","San Mateo","ID:170","199000","WastewaterSCAN","1.63","Very Low","2023-05-01","2026-08-01","Influenza A virus","2026-10-09 11:01"
"California","Santa Barbara","ID:171","69290","WastewaterSCAN","1.0","Very Low","2022-10-10","2026-08-01","Influenza A virus","2026-10-09 11:01"
"California","Santa Barbara","ID:171","69290","WastewaterSCAN","12.56","Very High","2022-09-12","2026-08-01","SARS-CoV-2","2026-10-09 11:01"
"California","Santa Barbara","ID:171","69290","WastewaterSCAN","1.0","Very Low","2022-10-10","2026-08-01","RSV","2026-10-09 11:01"
"California","Santa Barbara","ID:172","77600","State_Territory","2.76","Low","2023-08-21","2026-08-01","SARS-CoV-2","2026-10-09 11:01"
"California","Santa Barbara","ID:172","77600","State_Territory","2.54","Low","2023-09-18","2026-08-01","RSV","2026-10-09 11:01"
"California","Santa Barbara","ID:172","77600","State_Territory","1.25","Very Low","2023-09-18","2026-08-01","Influenza A virus","2026-10-09 11:01"
"California","Santa Clara","ID:173","153000","WastewaterSCAN","1.17","Very Low","2023-05-01","2026-08-01","Influenza A virus","2026-10-09 11:01"
"California","Santa Clara","ID:173","153000","WastewaterSCAN","1.0","Very Low","2023-05-01","2026-08-01","RSV","2026-10-09 11:01"
"California","Santa Clara","ID:173","153000","WastewaterSCAN","5.3","Moderate","2021-01-11","2026-08-01","SARS-CoV-2","2026-10-09 11:01"
"California","Santa Clara","ID:174","110338","WastewaterSCAN","7.54","Moderate","2021-01-11","2026-08-01","SARS-CoV-2","2026-10-09 11:01"
"California","Santa Clara","ID:174","110338","WastewaterSCAN","1.0","Very Low","2023-05-01","2026-08-01","Influenza A virus","2026-10-09 11:01"
"California","Santa Clara","ID:174","110338","WastewaterSCAN","1.0","Very Low","2023-05-01","2026-08-01","RSV","2026-10-09 11:01"
"California","Santa Clara","ID:175","236000","WastewaterSCAN","1.33","Very Low","2023-04-30","2026-08-01","RSV","2026-10-09 11:01"
"California","Santa Clara","ID:175","236000","WastewaterSCAN","4.65","Low","2023-04-30","2026-08-01","Influenza A virus","2026-10-09 11:01"
"California","Santa Clara","ID:175","236000","WastewaterSCAN","3.32","Low","2020-11-13","2026-08-01","SARS-CoV-2","2026-10-09 11:01"
"California","Santa Clara","ID:176","1500000","WastewaterSCAN","2.3","Low","2023-04-30","2026-08-01","RSV","2026-10-09 11:01"
"California","Santa Clara","ID:176","1500000","WastewaterSCAN","3.83","Low","2023-04-30","2026-08-01","Influenza A virus","2026-10-09 11:01"
"California","Santa Clara","ID:176","1500000","WastewaterSCAN","5.89","Moderate","2020-04-29","2026-08-01","SARS-CoV-2","2026-10-09 11:01"
"California","Santa Cruz","ID:177","164000","CDC_Verily","1.94","Very Low","2022-06-28","2026-08-01","SARS-CoV-2","2026-10-09 11:01"
"California","Santa Cruz","ID:177","164000","CDC_Verily","1.0","Very Low","2024-05-19","2026-08-01","RSV","2026-10-09 11:01"
"California","Santa Cruz","ID:177","164000","CDC_Verily","1.0","Very Low","2024-05-19","2026-08-01","Influenza A virus","2026-10-09 11:01"
"California","Santa Cruz","ID:178","94000","CDC_Verily","1.57","Very Low","2022-05-15","2026-08-01","SARS-CoV-2","2026-10-09 11:01"
"California","Santa Cruz","ID:178","94000","CDC_Verily","1.0","Very Low","2022-06-12","2026-08-01","Influenza A virus","2026-10-09 11:01"
"California","Santa Cruz","ID:178","94000","CDC_Verily","1.0","Very Low","2022-06-12","2026-08-01","RSV","2026-10-09 11:01"
"California","Santa Cruz","ID:179","160000","WastewaterSCAN","1.0","Very Low","2022-06-12","2026-08-01","RSV","2026-10-09 11:01"
"California","Santa Cruz","ID:179","160000","WastewaterSCAN","5.99","Moderate","2022-05-15","2026-08-01","SARS-CoV-2","2026-10-09 11:01"
"California","Santa Cruz","ID:179","160000","WastewaterSCAN","1.0","Very Low","2022-06-12","2026-08-01","Influenza A virus","2026-10-09 11:01"
"California","Shasta","ID:182","60000","State_Territory","1.0","Very Low","2023-10-30","2026-08-01","RSV","2026-10-09 11:01"
"California","Shasta","ID:182","60000","State_Territory","4.0","Low","2023-10-02","2026-08-01","SARS-CoV-2","2026-10-09 11:01"
"California","Shasta","ID:182","60000","State_Territory","1.33","Very Low","2023-10-30","2026-08-01","Influenza A virus","2026-10-09 11:01"
"California","Solano","ID:183","121000","WastewaterSCAN","1.0","Very Low","2022-11-29","2026-08-01","RSV","2026-10-09 11:01"
"California","Solano","ID:183","121000","WastewaterSCAN","8.9","High","2022-11-01","2026-08-01","SARS-CoV-2","2026-10-09 11:01"
"California","Solano","ID:183","121000","WastewaterSCAN","1.71","Very Low","2022-11-29","2026-08-01","Influenza A virus","2026-10-09 11:01"
"California","Sonoma","ID:184","230000","WastewaterSCAN","1.71","Very Low","2022-06-19","2026-08-01","SARS-CoV-2","2026-10-09 11:01"
"California","Sonoma","ID:184","230000","WastewaterSCAN","1.0","Very Low","2022-10-20","2026-08-01","RSV","2026-10-09 11:01"
"California","Sonoma","ID:184","230000","WastewaterSCAN","1.0","Very Low","2022-10-20","2026-08-01","Influenza A virus","2026-10-09 11:01"
"California","Sonoma","ID:186","28000","CDC_Verily","12.27","Very High","2023-01-27","2026-08-01","SARS-CoV-2","2026-10-09 11:01"
"California","Sonoma","ID:186","28000","CDC_Verily","1.0","Very Low","2023-02-24","2026-08-01","RSV","2026-10-09 11:01"
"California","Sonoma","ID:186","28000","CDC_Verily","1.0","Very Low","2023-02-24","2026-08-01","Influenza A virus","2026-10-09 11:01"
"California","Stanislaus","ID:187","230000","CDC_Verily","1.0","Very Low","2023-02-13","2026-08-01","RSV","2026-10-09 11:01"
"California","Stanislaus","ID:187","230000","CDC_Verily","4.08","Low","2021-12-01","2026-08-01","SARS-CoV-2","2026-10-09 11:01"
"California","Stanislaus","ID:187","230000","CDC_Verily","1.0","Very Low","2023-02-13","2026-08-01","Influenza A virus","2026-10-09 11:01"
"California","Stanislaus","ID:188","86000","WastewaterSCAN","1.0","Very Low","2023-02-10","2026-08-01","RSV","2026-10-09 11:01"
"California","Stanislaus","ID:188","86000","WastewaterSCAN","1.0","Very Low","2023-02-10","2026-08-01","Influenza A virus","2026-10-09 11:01"
"California","Stanislaus","ID:188","86000","WastewaterSCAN","5.86","Moderate","2022-06-10","2026-08-01","SARS-CoV-2","2026-10-09 11:01"
"California","Sutter","ID:189","70000","State_Territory","3.13","Low","2023-01-11","2026-08-01","SARS-CoV-2","2026-10-09 11:01"
"California","Sutter","ID:189","70000","State_Territory","1.0","Very Low","2023-02-08","2026-08-01","RSV","2026-10-09 11:01"
"California","Sutter","ID:189","70000","State_Territory","1.27","Very Low","2023-02-08","2026-08-01","Influenza A virus","2026-10-09 11:01"
"California","Ventura","ID:190","250000","CDC_Verily, State_Territory","1.0","Very Low","2023-04-04","2026-08-01","Influenza A virus","2026-10-09 11:01"
"California","Ventura","ID:190","250000","CDC_Verily, State_Territory","3.39","Low","2021-05-05","2026-08-01","SARS-CoV-2","2026-10-09 11:01"
"California","Ventura","ID:190","250000","CDC_Verily, State_Territory","1.0","Very Low","2023-04-04","2026-08-01","RSV","2026-10-09 11:01"
"California","Yolo","ID:193","68000","WastewaterSCAN","1.0","Very Low","2023-04-03","2026-08-01","RSV","2026-10-09 11:01"
"California","Yolo","ID:193","68000","WastewaterSCAN","6.98","Moderate","2021-01-04","2026-08-01","SARS-CoV-2","2026-10-09 11:01"
"California","Yolo","ID:193","68000","WastewaterSCAN","1.0","Very Low","2023-04-03","2026-08-01","Influenza A virus","2026-10-09 11:01"
"California","Yolo","ID:194","59000","WastewaterSCAN","1.0","Very Low","2023-02-10","2026-08-01","Influenza A virus","2026-10-09 11:01"
"California","Yolo","ID:194","59000","WastewaterSCAN","1.0","Very Low","2023-02-10","2026-08-01","RSV","2026-10-09 11:01"
"California","Yolo","ID:194","59000","WastewaterSCAN","8.69","High","2022-06-10","2026-08-01","SARS-CoV-2","2026-10-09 11:01"
"California","Nevada","ID:2199","13754","CDC_Verily","1.0","Very Low","2024-07-02","2026-08-01","Influenza A virus","2026-10-09 11:01"
"California","Nevada","ID:2199","13754","CDC_Verily","1.0","Very Low","2024-07-02","2026-08-01","RSV","2026-10-09 11:01"
"California","Nevada","ID:2199","13754","CDC_Verily","3.82","Low","2024-06-04","2026-08-01","SARS-CoV-2","2026-10-09 11:01"
"California","El Dorado","ID:2346","125000","CDC_Verily","3.68","Low","2025-07-29","2026-08-01","SARS-CoV-2","2026-10-09 11:01"
"California","El Dorado","ID:2346","125000","CDC_Verily","1.0","Very Low","2025-08-26","2026-08-01","Influenza A virus","2026-10-09 11:01"
"California","El Dorado","ID:2346","125000","CDC_Verily","1.0","Very Low","2025-08-26","2026-08-01","RSV","2026-10-09 11:01"
"California","Santa Barbara","ID:2347","97000","CDC_Verily","4.15","Low","2023-05-29","2026-08-01","SARS-CoV-2","2026-10-09 11:01"
"California","Santa Barbara","ID:2347","97000","CDC_Verily","1.0","Very Low","2023-06-26","2026-08-01","Influenza A virus","2026-10-09 11:01"
"California","Santa Barbara","ID:2347","97000","CDC_Verily","1.0","Very Low","2023-06-26","2026-08-01","RSV","2026-10-09 11:01"
"California","Placer","ID:2348","127000","CDC_Verily","1.0","Very Low","2023-05-22","2026-08-01","Influenza A virus","2026-10-09 11:01"
"California","Placer","ID:2348","127000","CDC_Verily","2.73","Low","2023-04-24","2026-08-01","SARS-CoV-2","2026-10-09 11:01"
"California","Placer","ID:2348","127000","CDC_Verily","1.0","Very Low","2023-05-22","2026-08-01","RSV","2026-10-09 11:01"
"California","Solano","ID:2365","155000","CDC_Verily","4.85","Low","2024-11-03","2026-08-01","SARS-CoV-2","2026-10-09 11:01"
"California","Solano","ID:2365","155000","CDC_Verily","1.0","Very Low","2024-12-01","2026-08-01","Influenza A virus","2026-10-09 11:01"
"California","Solano","ID:2365","155000","CDC_Verily","1.0","Very Low","2024-12-01","2026-08-01","RSV","2026-10-09 11:01"
"California","Shasta","ID:2380","29000","State_Territory","2.12","Very Low","2023-11-07","2026-08-01","Influenza A virus","2026-10-09 11:01"
"California","Shasta","ID:2380","29000","State_Territory","1.0","Very Low","2023-11-07","2026-08-01","RSV","2026-10-09 11:01"
"California","Shasta","ID:2380","29000","State_Territory","3.63","Low","2023-10-10","2026-08-01","SARS-CoV-2","2026-10-09 11:01"
"California","Madera","ID:2453","60000","CDC_Verily","1.0","Very Low","2025-05-23","2026-08-01","RSV","2026-10-09 11:01"
"California","Madera","ID:2453","60000","CDC_Verily","4.62","Low","2025-04-25","2026-08-01","SARS-CoV-2","2026-10-09 11:01"
"California","Madera","ID:2453","60000","CDC_Verily","12.11","High","2025-05-23","2026-08-01","Influenza A virus","2026-10-09 11:01"
"California","Alameda","ID:2571","342000","WastewaterSCAN","1.0","Very Low","2025-06-11","2026-08-01","RSV","2026-10-09 11:01"
"California","Alameda","ID:2571","342000","WastewaterSCAN","6.05","Moderate","2025-05-14","2026-08-01","SARS-CoV-2","2026-10-09 11:01"
"California","Alameda","ID:2571","342000","WastewaterSCAN","1.0","Very Low","2025-06-11","2026-08-01","Influenza A virus","2026-10-09 11:01"
"California","Alameda","ID:2572","150000","WastewaterSCAN","18.52","Very High","2025-05-28","2026-08-01","SARS-CoV-2","2026-10-09 11:01"
"California","Alameda","ID:2572","150000","WastewaterSCAN","1.0","Very Low","2025-06-25","2026-08-01","RSV","2026-10-09 11:01"
"California","Alameda","ID:2572","150000","WastewaterSCAN","1.0","Very Low","2025-06-25","2026-08-01","Influenza A virus","2026-10-09 11:01"
"California","Alameda","ID:2573","160000","WastewaterSCAN","1.0","Very Low","2025-08-18","2026-08-01","Influenza A virus","2026-10-09 11:01"
"California","Alameda","ID:2573","160000","WastewaterSCAN","6.19","Moderate","2025-07-21","2026-08-01","SARS-CoV-2","2026-10-09 11:01"
"California","Alameda","ID:2573","160000","WastewaterSCAN","1.0","Very Low","2025-08-18","2026-08-01","RSV","2026-10-09 11:01"
"California","Alameda","ID:2601","95000","WastewaterSCAN","1.0","Very Low","2025-12-15","2026-08-01","RSV","2026-10-09 11:01"
"California","Alameda","ID:2601","95000","WastewaterSCAN","11.51","High","2025-11-17","2026-08-01","SARS-CoV-2","2026-10-09 11:01"
"California","Alameda","ID:2601","95000","WastewaterSCAN","1.0","Very Low","2025-12-15","2026-08-01","Influenza A virus","2026-10-09 11:01"
"California","Alameda","ID:93","60000","CDC_Verily","1.89","Very Low","2022-07-04","2026-08-01","SARS-CoV-2","2026-10-09 11:01"
"California","Alameda","ID:93","60000","CDC_Verily","1.0","Very Low","2022-12-06","2026-08-01","Influenza A virus","2026-10-09 11:01"
"California","Alameda","ID:93","60000","CDC_Verily","1.0","Very Low","2022-12-06","2026-08-01","RSV","2026-10-09 11:01"
"California","Alameda, Contra Costa","ID:94","740000","State_Territory","1.0","Very Low","2022-05-10","2026-08-01","Influenza A virus","2026-10-09 11:01"
"California","Alameda, Contra Costa","ID:94","740000","State_Territory","5.33","Moderate","2021-05-19","2026-08-01","SARS-CoV-2","2026-10-09 11:01"
"California","Alameda, Contra Costa","ID:94","740000","State_Territory","1.24","Very Low","2022-05-10","2026-08-01","RSV","2026-10-09 11:01"
"California","Butte","ID:95","44000","State_Territory","1.69","Very Low","2023-09-04","2026-08-01","SARS-CoV-2","2026-10-09 11:01"
"California","Butte","ID:95","44000","State_Territory","1.0","Very Low","2023-10-02","2026-08-01","RSV","2026-10-09 11:01"
"California","Butte","ID:95","44000","State_Territory","1.0","Very Low","2023-10-02","2026-08-01","Influenza A virus","2026-10-09 11:01"
"California","Butte","ID:96","101299","State_Territory","1.0","Very Low","2023-11-14","2026-08-01","RSV","2026-10-09 11:01"
"California","Butte","ID:96","101299","State_Territory","1.0","Very Low","2023-11-14","2026-08-01","Influenza A virus","2026-10-09 11:01"
"California","Butte","ID:96","101299","State_Territory","2.35","Very Low","2023-10-17","2026-08-01","SARS-CoV-2","2026-10-09 11:01"
"California","Contra Costa","ID:97","495000","CDC_Verily, State_Territory","1.0","Very Low","2022-05-30","2026-08-01","RSV","2026-10-09 11:01"
"California","Contra Costa","ID:97","495000","CDC_Verily, State_Territory","1.59","Very Low","2022-05-30","2026-08-01","Influenza A virus","2026-10-09 11:01"
"California","Contra Costa","ID:97","495000","CDC_Verily, State_Territory","3.47","Low","2020-12-28","2026-08-01","SARS-CoV-2","2026-10-09 11:01"
"California","Contra Costa","ID:98","218281","State_Territory","2.57","Very Low","2022-06-20","2026-08-01","SARS-CoV-2","2026-10-09 11:01"
"California","Contra Costa","ID:98","218281","State_Territory","1.0","Very Low","2023-09-04","2026-08-01","RSV","2026-10-09 11:01"
"California","Contra Costa","ID:98","218281","State_Territory","1.0","Very Low","2023-09-04","2026-08-01","Influenza A virus","2026-10-09 11:01"
"California","Contra Costa","ID:99","102000","CDC_Verily","1.0","Very Low","2022-07-19","2026-08-01","RSV","2026-10-09 11:01"
"California","Contra Costa","ID:99","102000","CDC_Verily","4.03","Low","2022-06-21","2026-08-01","SARS-CoV-2","2026-10-09 11:01"
"California","Contra Costa","ID:99","102000","CDC_Verily","1.0","Very Low","2022-07-19","2026-08-01","Influenza A virus","2026-10-09 11:01"
"California","Del Norte","ID:100","15372","State_Territory","1.0","Very Low","2023-12-13","2026-08-01","RSV","2026-10-09 11:01"
"California","Del Norte","ID:100","15372","State_Territory","3.09","Low","2023-11-15","2026-08-01","SARS-CoV-2","2026-10-09 11:01"
"California","Del Norte","ID:100","15372","State_Territory","2.29","Very Low","2023-12-13","2026-08-01","Influenza A virus","2026-10-09 11:01"
"California","El Dorado","ID:101","30000","CDC_Verily","2.51","Very Low","2022-08-02","2026-08-01","SARS-CoV-2","2026-10-09 11:01"
"California","El Dorado","ID:101","30000","CDC_Verily","1.0","Very Low","2024-04-08","2026-08-01","Influenza A virus","2026-10-09 11:01"
"California","El Dorado","ID:101","30000","CDC_Verily","1.0","Very Low","2024-04-08","2026-08-01","RSV","2026-10-09 11:01"
"California","Fresno","ID:102","650000","State_Territory","1.0","Very Low","2023-03-05","2026-08-01","Influenza A virus","2026-10-09 11:01"
"California","Fresno","ID:102","650000","State_Territory","1.0","Very Low","2023-05-14","2026-08-01","RSV","2026-10-09 11:01"
"California","Fresno","ID:102","650000","State_Territory","7.43","Moderate","2021-12-29","2026-08-01","SARS-CoV-2","2026-10-09 11:01"
"California","Humboldt","ID:103","45000","State_Territory","1.0","Very Low","2023-10-08","2026-08-01","Influenza A virus","2026-10-09 11:01"
"California","Humboldt","ID:103","45000","State_Territory","1.0","Very Low","2023-10-08","2026-08-01","RSV","2026-10-09 11:01"
"California","Humboldt","ID:103","45000","State_Territory","3.1","Low","2022-06-28","2026-08-01","SARS-CoV-2","2026-10-09 11:01"
"California","Kern","ID:106","168750","State_Territory","1.0","Very Low","2023-02-21","2026-08-01","Influenza A virus","2026-10-09 11:01"
"California","Kern","ID:106","168750","State_Territory","3.51","Low","2021-10-20","2026-08-01","SARS-CoV-2","2026-10-09 11:01"
"California","Kern","ID:106","168750","State_Territory","1.0","Very Low","2023-05-16","2026-08-01","RSV","2026-10-09 11:01"
"California","Kings","ID:108","56000","State_Territory","1.0","Very Low","2023-04-25","2026-08-01","Influenza A virus","2026-10-09 11:01"
"California","Kings","ID:108","56000","State_Territory","6.19","Moderate","2022-07-19","2026-08-01","SARS-CoV-2","2026-10-09 11:01"
"California","Kings","ID:108","56000","State_Territory","1.0","Very Low","2023-04-25","2026-08-01","RSV","2026-10-09 11:01"
"California","Lake","ID:111","13200","State_Territory","3.17","Low","2022-03-21","2026-08-01","SARS-CoV-2","2026-10-09 11:01"
"California","Lake","ID:111","13200","State_Territory","1.0","Very Low","2023-05-11","2026-08-01","RSV","2026-10-09 11:01"
"California","Lake","ID:111","13200","State_Territory","1.0","Very Low","2023-03-02","2026-08-01","Influenza A virus","2026-10-09 11:01"
"California","Los Angeles","ID:112","200000","CDC_Verily","1.0","Very Low","2022-11-21","2026-08-01","RSV","2026-10-09 11:01"
"California","Los Angeles","ID:112","200000","CDC_Verily","1.0","Very Low","2022-11-21","2026-08-01","Influenza A virus","2026-10-09 11:01"
"California","Los Angeles","ID:112","200000","CDC_Verily","2.45","Very Low","2022-07-04","2026-08-01","SARS-CoV-2","2026-10-09 11:01"
"California","Los Angeles, Ventura","ID:113","4000000","State_Territory, WastewaterSCAN","1.39","Very Low","2022-11-06","2026-08-01","RSV","2026-10-09 11:01"
"California","Los Angeles, Ventura","ID:113","4000000","State_Territory, WastewaterSCAN","3.44","Low","2021-01-20","2026-08-01","SARS-CoV-2","2026-10-09 11:01"
"California","Los Angeles, Ventura","ID:113","4000000","State_Territory, WastewaterSCAN","1.0","Very Low","2022-11-06","2026-08-01","Influenza A virus","2026-10-09 11:01"
"California","Los Angeles","ID:114","3500000","State_Territory, WastewaterSCAN","1.0","Very Low","2022-05-08","2026-08-01","Influenza A virus","2026-10-09 11:01"
"California","Los Angeles","ID:114","3500000","State_Territory, WastewaterSCAN","1.0","Very Low","2022-05-08","2026-08-01","RSV","2026-10-09 11:01"
"California","Los Angeles","ID:114","3500000","State_Territory, WastewaterSCAN","3.21","Low","2020-06-01","2026-08-01","SARS-CoV-2","2026-10-09 11:01"
"California","Los Angeles, Ventura","ID:115","75000","CDC_Verily","1.0","Very Low","2024-01-30","2026-08-01","RSV","2026-10-09 11:01"
"California","Los Angeles, Ventura","ID:115","75000","CDC_Verily","1.19","Very Low","2022-07-11","2026-08-01","SARS-CoV-2","2026-10-09 11:01"
"California","Los Angeles, Ventura","ID:115","75000","CDC_Verily","1.0","Very Low","2024-01-30","2026-08-01","Influenza A virus","2026-10-09 11:01"
"California","Marin","ID:118","104250","WastewaterSCAN","1.0","Very Low","2022-10-31","2026-08-01","RSV","2026-10-09 11:01"
"California","Marin","ID:118","104250","WastewaterSCAN","1.98","Very Low","2022-10-31","2026-08-01","Influenza A virus","2026-10-09 11:01"
"California","Marin","ID:118","104250","WastewaterSCAN","7.52","Moderate","2022-10-03","2026-08-01","SARS-CoV-2","2026-10-09 11:01"
"California","Marin","ID:120","30000","CDC_Verily","1.0","Very Low","2022-10-17","2026-08-01","RSV","2026-10-09 11:01"
"California","Marin","ID:120","30000","CDC_Verily","1.0","Very Low","2022-10-17","2026-08-01","Influenza A virus","2026-10-09 11:01"
"California","Marin","ID:120","30000","CDC_Verily","2.66","Low","2022-09-19","2026-08-01","SARS-CoV-2","2026-10-09 11:01"
"California","Marin","ID:121","53000","WastewaterSCAN","1.0","Very Low","2022-08-29","2026-08-01","RSV","2026-10-09 11:01"
"California","Marin","ID:121","53000","WastewaterSCAN","1.0","Very Low","2022-08-29","2026-08-01","Influenza A virus","2026-10-09 11:01"
"California","Marin","ID:121","53000","WastewaterSCAN","6.1","Moderate","2022-08-01","2026-08-01","SARS-CoV-2","2026-10-09 11:01"
"California","Merced","ID:125","91000","WastewaterSCAN","10.2","High","2021-12-01","2026-08-01","SARS-CoV-2","2026-10-09 11:01"
"California","Merced","ID:125","91000","WastewaterSCAN","1.0","Very Low","2023-02-10","2026-08-01","RSV","2026-10-09 11:01"
"California","Merced","ID:125","91000","WastewaterSCAN","1.0","Very Low","2023-02-10","2026-08-01","Influenza A virus","2026-10-09 11:01"
"California","Mono","ID:126","8200","CDC_Verily","1.0","Very Low","2023-05-24","2026-08-01","Influenza A virus","2026-10-09 11:01"
"California","Mono","ID:126","8200","CDC_Verily","1.48","Very Low","2023-04-26","2026-08-01","SARS-CoV-2","2026-10-09 11:01"
"California","Mono","ID:126","8200","CDC_Verily","1.0","Very Low","2023-05-24","2026-08-01","RSV","2026-10-09 11:01"
"California","Monterey","ID:127","262000","WastewaterSCAN","1.0","Very Low","2023-02-05","2026-08-01","RSV","2026-10-09 11:01"
"California","Monterey","ID:127","262000","WastewaterSCAN","2.17","Very Low","2023-02-05","2026-08-01","Influenza A virus","2026-10-09 11:01"
"California","Monterey","ID:127","262000","WastewaterSCAN","4.7","Low","2022-09-10","2026-08-01","SARS-CoV-2","2026-10-09 11:01"
"California","Monterey","ID:128","16000","CDC_Verily","4.03","Low","2023-05-22","2026-08-01","SARS-CoV-2","2026-10-09 11:01"
"California","Monterey","ID:128","16000","CDC_Verily","1.0","Very Low","2024-01-30","2026-08-01","Influenza A virus","2026-10-09 11:01"
"California","Monterey","ID:128","16000","CDC_Verily","1.0","Very Low","2024-01-30","2026-08-01","RSV","2026-10-09 11:01"
"California","Napa","ID:129","20256","State_Territory","1.0","Very Low","2023-05-15","2026-08-01","RSV","2026-10-09 11:01"
"California","Napa","ID:129","20256","State_Territory","6.76","Moderate","2022-12-19","2026-08-01","SARS-CoV-2","2026-10-09 11:01"
"California","Napa","ID:129","20256","State_Territory","1.0","Very Low","2023-03-13","2026-08-01","Influenza A virus","2026-10-09 11:01"
"California","Napa","ID:130","83300","WastewaterSCAN","1.0","Very Low","2022-12-05","2026-08-01","Influenza A virus","2026-10-09 11:01"
"California","Napa","ID:130","83300","WastewaterSCAN","1.41","Very Low","2022-12-05","2026-08-01","RSV","2026-10-09 11:01"
"California","Napa","ID:130","83300","WastewaterSCAN","3.81","Low","2022-11-07","2026-08-01","SARS-CoV-2","2026-10-09 11:01"
"California","El Dorado, Nevada, Placer","ID:131","50000","State_Territory","3.12","Low","2024-02-25","2026-08-01","SARS-CoV-2","2026-10-09 11:01"
"California","El Dorado, Nevada, Placer","ID:131","50000","State_Territory","1.0","Very Low","2024-03-24","2026-08-01","RSV","2026-10-09 11:01"
"California","El Dorado, Nevada, Placer","ID:131","50000","State_Territory","1.5","Very Low","2024-03-24","2026-08-01","Influenza A virus","2026-10-09 11:01"
"California","Orange","ID:135","1800000","State_Territory","1.0","Very Low","2023-03-12","2026-08-01","Influenza A virus","2026-10-09 11:01"
"California","Orange","ID:135","1800000","State_Territory","3.76","Low","2021-01-20","2026-08-01","SARS-CoV-2","2026-10-09 11:01"
"California","Orange","ID:135","1800000","State_Territory","1.0","Very Low","2023-05-14","2026-08-01","RSV","2026-10-09 11:01"
"California","Placer","ID:136","108444","State_Territory","1.0","Very Low","2023-11-28","2026-08-01","Influenza A virus","2026-10-09 11:01"
"California","Placer","ID:136","108444","State_Territory","1.35","Very Low","2023-11-28","2026-08-01","RSV","2026-10-09 11:01"
"California","Placer","ID:136","108444","State_Territory","2.27","Very Low","2023-10-31","2026-08-01","SARS-CoV-2","2026-10-09 11:01"
"California","Plumas","ID:137","4217","State_Territory","3.66","Low","2022-10-18","2026-08-01","SARS-CoV-2","2026-10-09 11:01"
"California","Plumas","ID:137","4217","State_Territory","1.0","Very Low","2023-05-16","2026-08-01","RSV","2026-10-09 11:01"
"California","Plumas","ID:137","4217","State_Territory","1.0","Very Low","2023-03-14","2026-08-01","Influenza A virus","2026-10-09 11:01"
"California","Riverside","ID:138","350000","WastewaterSCAN","2.16","Very Low","2023-04-05","2026-08-01","Influenza A virus","2026-10-09 11:01"
"California","Riverside","ID:138","350000","WastewaterSCAN","1.0","Very Low","2023-04-05","2026-08-01","RSV","2026-10-09 11:01"
"California","Riverside","ID:138","350000","WastewaterSCAN","10.97","High","2023-03-08","2026-08-01","SARS-CoV-2","2026-10-09 11:01"
"California","Riverside","ID:139","91765","WastewaterSCAN","1.0","Very Low","2022-11-02","2026-08-01","RSV","2026-10-09 11:01"
"California","Riverside","ID:139","91765","WastewaterSCAN","6.62","Moderate","2022-06-05","2026-08-01","SARS-CoV-2","2026-10-09 11:01"
"California","Riverside","ID:139","91765","WastewaterSCAN","1.0","Very Low","2022-11-02","2026-08-01","Influenza A virus","2026-10-09 11:01"
"California","Sacramento","ID:140","1480000","WastewaterSCAN","3.25","Low","2020-11-24","2026-08-01","SARS-CoV-2","2026-10-09 11:01"
"California","Sacramento","ID:140","1480000","WastewaterSCAN","1.4","Very Low","2023-04-30","2026-08-01","RSV","2026-10-09 11:01"
"California","Sacramento","ID:140","1480000","WastewaterSCAN","1.0","Very Low","2023-04-30","2026-08-01","Influenza A virus","2026-10-09 11:01"
"California","San Benito","ID:141","43000","CDC_Verily","1.0","Very Low","2022-11-23","2026-08-01","RSV","2026-10-09 11:01"
"California","San Benito","ID:141","43000","CDC_Verily","1.0","Very Low","2022-11-23","2026-08-01","Influenza A virus","2026-10-09 11:01"
"California","San Benito","ID:141","43000","CDC_Verily","7.18","Moderate","2022-10-26","2026-08-01","SARS-CoV-2","2026-10-09 11:01"
"California","San Bernardino","ID:143","890000","WastewaterSCAN","4.87","Low","2022-06-06","2026-08-01","SARS-CoV-2","2026-10-09 11:01"
"California","San Bernardino","ID:143","890000","WastewaterSCAN","1.0","Very Low","2022-07-04","2026-08-01","Influenza A virus","2026-10-09 11:01"
"California","San Bernardino","ID:143","890000","WastewaterSCAN","2.17","Low","2022-07-04","2026-08-01","RSV","2026-10-09 11:01"
"California","San Bernardino","ID:144","325000","State_Territory","1.0","Very Low","2023-05-15","2026-08-01","RSV","2026-10-09 11:01"
"California","San Bernardino","ID:144","325000","State_Territory","4.28","Low","2021-10-25","2026-08-01","SARS-CoV-2","2026-10-09 11:01"
"California","San Bernardino","ID:144","325000","State_Territory","1.0","Very Low","2023-02-21","2026-08-01","Influenza A virus","2026-10-09 11:01"
"California","San Diego","ID:145","2200000","State_Territory, WastewaterSCAN","1.0","Very Low","2022-10-16","2026-08-01","Influenza A virus","2026-10-09 11:01"
"California","San Diego","ID:145","2200000","State_Territory, WastewaterSCAN","3.24","Low","2021-01-18","2026-08-01","SARS-CoV-2","2026-10-09 11:01"
"California","San Diego","ID:145","2200000","State_Territory, WastewaterSCAN","1.0","Very Low","2022-10-16","2026-08-01","RSV","2026-10-09 11:01"
"California","San Francisco, San Mateo","ID:147","250000","WastewaterSCAN","1.0","Very Low","2023-05-01","2026-08-01","RSV","2026-10-09 11:01"
"California","San Francisco, San Mateo","ID:147","250000","WastewaterSCAN","6.3","Moderate","2020-11-17","2026-08-01","SARS-CoV-2","2026-10-09 11:01"
"California","San Francisco, San Mateo","ID:147","250000","WastewaterSCAN","1.33","Very Low","2023-03-08","2026-08-01","Influenza A virus","2026-10-09 11:01"
"California","San Francisco, San Mateo","ID:148","750000","State_Territory, WastewaterSCAN","3.88","Low","2020-11-17","2026-08-01","SARS-CoV-2","2026-10-09 11:01"
"California","San Francisco, San Mateo","ID:148","750000","State_Territory, WastewaterSCAN","1.6","Very Low","2023-03-08","2026-08-01","Influenza A virus","2026-10-09 11:01"
"California","San Francisco, San Mateo","ID:148","750000","State_Territory, WastewaterSCAN","1.43","Very Low","2023-05-01","2026-08-01","RSV","2026-10-09 11:01"
"California","San Joaquin","ID:155","68000","CDC_Verily","1.0","Very Low","2024-10-08","2026-08-01","RSV","2026-10-09 11:01"
"California","San Joaquin","ID:155","68000","CDC_Verily","1.0","Very Low","2024-10-08","2026-08-01","Influenza A virus","2026-10-09 11:01"
"California","San Joaquin","ID:155","68000","CDC_Verily","4.1","Low","2023-03-06","2026-08-01","SARS-CoV-2","2026-10-09 11:01"
"California","San Joaquin","ID:157","29000","CDC_Verily","1.0","Very Low","2024-12-17","2026-08-01","Influenza A virus","2026-10-09 11:01"
"California","San Joaquin","ID:157","29000","CDC_Verily","5.25","Moderate","2023-02-28","2026-08-01","SARS-CoV-2","2026-10-09 11:01"
"California","San Joaquin","ID:157","29000","CDC_Verily","1.0","Very Low","2024-12-17","2026-08-01","RSV","2026-10-09 11:01"
"California","San Luis Obispo","ID:160","6031","CDC_Verily","1.0","Very Low","2024-03-12","2026-08-01","Influenza A virus","2026-10-09 11:01"
"California","San Luis Obispo","ID:160","6031","CDC_Verily","9.53","High","2022-11-23","2026-08-01","SARS-CoV-2","2026-10-09 11:01"
"California","San Luis Obispo","ID:160","6031","CDC_Verily","1.0","Very Low","2024-03-12","2026-08-01","RSV","2026-10-09 11:01"
"California","San Luis Obispo","ID:161","15000","CDC_Verily","1.0","Very Low","2024-05-21","2026-08-01","RSV","2026-10-09 11:01"
"California","San Luis Obispo","ID:161","15000","CDC_Verily","1.0","Very Low","2024-05-21","2026-08-01","Influenza A virus","2026-10-09 11:01"
"California","San Luis Obispo","ID:161","15000","CDC_Verily","2.79","Low","2023-01-18","2026-08-01","SARS-CoV-2","2026-10-09 11:01"
"California","San Luis Obispo","ID:162","14465","CDC_Verily","1.0","Very Low","2024-02-15","2026-08-01","RSV","2026-10-09 11:01"
"California","San Luis Obispo","ID:162","14465","CDC_Verily","1.0","Very Low","2024-02-15","2026-08-01","Influenza A virus","2026-10-09 11:01"
"California","San Luis Obispo","ID:162","14465","CDC_Verily","4.52","Low","2022-11-07","2026-08-01","SARS-CoV-2","2026-10-09 11:01"
"California","San Luis Obispo","ID:164","31037","WastewaterSCAN","1.0","Very Low","2022-05-09","2026-08-01","Influenza A virus","2026-10-09 11:01"
"California","San Luis Obispo","ID:164","31037","WastewaterSCAN","3.58","Low","2022-02-22","2026-08-01","SARS-CoV-2","2026-10-09 11:01"
"California","San Luis Obispo","ID:164","31037","WastewaterSCAN","1.0","Very Low","2022-05-09","2026-08-01","RSV","2026-10-09 11:01"
"California","San Luis Obispo","ID:165","47545","State_Territory","7.71","Moderate","2022-07-26","2026-08-01","SARS-CoV-2","2026-10-09 11:01"
"California","San Luis Obispo","ID:165","47545","State_Territory","1.0","Very Low","2023-10-16","2026-08-01","Influenza A virus","2026-10-09 11:01"
"California","San Luis Obispo","ID:165","47545","State_Territory","1.0","Very Low","2023-10-16","2026-08-01","RSV","2026-10-09 11:01"
"California","San Luis Obispo","ID:166","39000","CDC_Verily","1.0","Very Low","2024-02-13","2026-08-01","RSV","2026-10-09 11:01"
